id;skupina_ico;role;typ_skupiny;deals_open;deals_closed;osoby;name;owner_id;label_ids;website;linkedin;industry;annual_revenue;employee_count;visible_to;add_time;update_time;is_deleted;address.value;address.subpremise;address.street_number;address.route;address.sublocality;address.locality;address.admin_area_level_1;address.admin_area_level_2;address.postal_code;address.country;address.formatted_address;cf.02eb0f638d9d6fb99a3fc0b6c274f1cea86aa691;cf.0a7f283f809234eae91d60341d11bd95bc16180d;cf.0b58197158cfc8201c352d14b7b837be1a78cceb;cf.0f91eb090c567025d50bd189c2fcef7660168cd2;cf.14a4ac8013661f14c28f977a30092cb6c315a20a;cf.232ebbf4c83f26373ecffe82af67c36963a1ec92;cf.2d1b78c03a1a2f8fd4472defaf32f40b4aa517fa;cf.3a2b73f1a8f908922b1ea5cae104d86d3d9f70b1;cf.4f6d4b49dd0c39448d59c76d9fe9a43026c03edc;cf.5508fa81db364acf7ee7fdc603a016c4c5479aae;cf.5565c37125199485cd7968dc6654d03cfa8d97d8;cf.58292c6b75b6b047a30635b6277d3d71f5376949;cf.5c6385dbe81a44197233a3ad6d66cefa54e8a84f;cf.5f5d9955991be6d8a4586b935b5dca5debf409d5;cf.60a1ba6d2782a2c250108cab56ef0fe61515efbb;cf.70ff2c57f7e0784a71f539a1683a2a050ff2a71c;cf.73573bbb46530af29a18a152762539900342f105;cf.7825f3fdbf7a73a202047a54a429f556a5406b81;cf.88455d0abc8d38a663d25462f501f27cae1eef38;cf.9925a084cc9f374591cb593fa818d4460dbc8c2e;cf.a205678df30f94b434bac611ddff4d2dbb7ae38b;cf.a865d043f6fc8201c30bde5974247ee669ece13a;cf.b829f774cb43a6c4841bd5ce4d2dc7fdbaf96eee;cf.b9ef0fcf6aaff0bef9ba332d255bd33bc6f435a3;cf.d123fdfafdb91420983bfedc81aa956ccbaddae4;cf.dfd241da5230a22ef96710acdca51011fb453341;cf.e3453fd3dec0332ac02998427c31663ba064b13f;cf.e4a4020ed5fcbc3a5ca28a59f378725bee707a4e;cf.f2d70cc7aa7ede911aed630f4621ea06ff048b6c;cf.f657d226854c94a51148746df786d1c5ac10cfea;cf.f7b47c3751ab31d105ee0d6cb7fc1ab60e561765;cf.f892ff1690d0ea86d76de3a2371013b454485d80;cf.fb4eabb84ace77ca298b8038b5d23c6abbf73887;cf.fc3b0719fff2d05f89a9010de08a5cd4c8ecf625
7843;00009999;ponechat;merge;0;1;1;ZS Myjava;11629944;[];;;;;;7;2022-04-24T17:23:47Z;2025-11-19T12:51:38Z;False;Trenčiansky kraj;;;;;;Trenčín Region;;;Slovakia;Trenčín Region, Slovakia;;;;9999;;;;;;;;;;;"{""value"": ""Slovakia"", ""subpremise"": """", ""street_number"": """", ""route"": """", ""sublocality"": """", ""locality"": """", ""admin_area_level_1"": """", ""admin_area_level_2"": """", ""country"": ""Slovensko"", ""postal_code"": """", ""formatted_address"": ""Slovensko""}";;;12797715;;;;;;;;;;;;;;;;
39760;00009999;sloucit;merge;1;0;1;Ninjabot;11629944;[];;;;;;7;2026-04-20T15:03:29Z;2026-07-31T16:44:25Z;False;;;;;;;;;;;;226;;;9999;;;;;;;;;;;"{""value"": ""Czech republic"", ""subpremise"": null, ""street_number"": null, ""route"": null, ""sublocality"": null, ""locality"": null, ""admin_area_level_1"": null, ""admin_area_level_2"": null, ""country"": ""Czechia"", ""postal_code"": null, ""formatted_address"": ""Czechia""}";;;18026774;;;208;;;;;;;;;;;;;
2842;00082627;ponechat;merge;0;2;3;Střední škola obchodu, řemesel, služeb a Základní škola, Ústí nad Labem, příspěvková organizace;11629944;[];;;;;;7;2021-05-17T13:02:06Z;2026-02-05T01:00:13Z;False;Fügnerova 348/22, Trmice;;348;Fügnerova;;Trmice;Ústecký kraj;Ústí nad Labem;400 04;Czechia;Fügnerova 348, 400 04 Trmice, Czechia;226;;;82627;;24;2342;reditel@obchodniskola.cz;;;;;;117.0;"{""value"": ""Czech republic"", ""subpremise"": null, ""street_number"": null, ""route"": null, ""sublocality"": null, ""locality"": null, ""admin_area_level_1"": null, ""admin_area_level_2"": null, ""country"": ""Czechia"", ""postal_code"": null, ""formatted_address"": ""Czechia""}";;;12795779;http://www.obchodniskola.cz;;208;;475669150;;;;;;iveta@vividbooks.com;;;198;;81.0
9040;00082627;sloucit;merge;1;0;1;SŠ obchodu, řemesel, služeb a ZŠ – Keplerova 315/7, Ústí nad Labem;11629944;[];;;;;;7;2023-01-17T17:26:37Z;2026-08-25T00:00:46Z;False;Keplerova 315/7, Ústí nad Labem;;;;;;Ústecký kraj;;;;;226;;;00082627;;24;;ekonom@obchodniskola.cz;;;Praktická škola dvouletá;;;118;"{""value"": ""Czech republic"", ""subpremise"": null, ""street_number"": null, ""route"": null, ""sublocality"": null, ""locality"": null, ""admin_area_level_1"": null, ""admin_area_level_2"": null, ""country"": ""Czechia"", ""postal_code"": null, ""formatted_address"": ""Czechia""}";;;;http://www.obchodniskola.cz;;208;;475669151;;;;;;;7PJ22A;;200;;82
8450;00216208;sloucit;merge;0;2;6;bb;11629944;[];;;;;;7;2022-10-09T09:46:48Z;2026-09-01T09:10:29Z;False;Hlavní město Praha;;;;;Prague;Prague;Hlavní město Praha;;Czechia;Prague, Czechia;226;;;00216208;;212;;;;;;;;;"{""value"": ""Czech republic"", ""subpremise"": null, ""street_number"": null, ""route"": null, ""sublocality"": null, ""locality"": null, ""admin_area_level_1"": null, ""admin_area_level_2"": null, ""country"": ""Czechia"", ""postal_code"": null, ""formatted_address"": ""Czechia""}";;;;;;208;;;;;;;;iveta@vividbooks.com;D3ZZZC;;;;
28554;00216208;sloucit;merge;0;2;2;Univerzita Karlova;11629944;[424];;;;;;7;2024-10-10T13:18:13Z;2026-05-04T06:35:00Z;False;Ovocný trh 560, Old Town, Czechia;;5;Ovocný trh;Praha 1;;Hlavní město Praha;Hlavní město Praha;110 00;Czechia;Ovocný trh 560/5, 110 00 Praha 1-Staré Město, Czechia;226;;;00216208;[288];304;;;;[348];;;;;"{""value"": ""Czech republic"", ""subpremise"": null, ""street_number"": null, ""route"": null, ""sublocality"": null, ""locality"": null, ""admin_area_level_1"": null, ""admin_area_level_2"": null, ""country"": ""Czechia"", ""postal_code"": null, ""formatted_address"": ""Czechia""}";;;12795779;;;208;12795779;;315;;;;;iveta@vividbooks.com;8DA9XH;;;;
39761;00216208;ponechat;merge;1;1;7;Univerzita Karlova;12795779;[];;;;;;7;2026-04-21T08:16:04Z;2026-09-05T09:28:02Z;False;Ovocný trh 560/5, Staré Město, 11000 Praha 1;;5;Ovocný trh;Praha 1;;Hlavní město Praha;Hlavní město Praha;110 00;Czechia;Ovocný trh 560/5, Staré Město, 110 00 Praha-Praha 1, Czechia;226;;;  00216208;;;;;;;;;;;"{""value"": ""Czech republic"", ""subpremise"": null, ""street_number"": null, ""route"": null, ""sublocality"": null, ""locality"": null, ""admin_area_level_1"": null, ""admin_area_level_2"": null, ""country"": ""Czechia"", ""postal_code"": null, ""formatted_address"": ""Czechia""}";;;;;;208;;;;;;;;;GMC7EJ;;;;
9489;00582336;sloucit;merge;0;0;2;Střední škola polytechnická;11629944;[];;;;;;7;2023-01-17T17:28:16Z;2026-02-16T11:07:59Z;False;Nerudova 859/59;;59;Nerudova;;České Budějovice;Jihočeský kraj;České Budějovice;370 04;Czechia;Nerudova 859/59, České Budějovice 3, 370 04 České Budějovice, Czechia;226;;;00582336;;221;;sekretariat@sspcb.cz;;;Strojní mechanik;;;;"{""value"": ""Czechia"", ""subpremise"": """", ""street_number"": """", ""route"": """", ""sublocality"": """", ""locality"": """", ""admin_area_level_1"": """", ""admin_area_level_2"": """", ""country"": ""Czechia"", ""postal_code"": """", ""formatted_address"": ""Czechia""}";;;;www.sspcb.cz;;;;387 423 450;;;;;;;;;20;;
26803;00582336;ponechat;merge;0;1;0;Střední škola polytechnická, Nerudova 859/59, České Budějovice;12116814;[];;;;;;7;2024-03-12T07:43:20Z;2024-11-14T01:02:59Z;False;Jihočeský kraj;;;;;;South Bohemian Region;;;Czechia;South Bohemian Region, Czechia;226;;;00 582 336;;221;;;;;;;;;"{""value"": ""Czechia"", ""subpremise"": """", ""street_number"": """", ""route"": """", ""sublocality"": """", ""locality"": """", ""admin_area_level_1"": """", ""admin_area_level_2"": """", ""country"": ""Czechia"", ""postal_code"": """", ""formatted_address"": ""Czechia""}";;;12116814;sspcb.cz;;208;12116814;;315;;;;;jiri@vividbooks.com;KM7SYW;;;;
4052;00582841;ponechat;merge;0;3;3;Základní škola Soběslav, tř. Dr. Edvarda Beneše 50;11629944;[];;;;;;7;2021-05-17T13:09:16Z;2026-02-12T15:45:04Z;False;tř. Dr. Edvarda Beneše 50/18, Soběslav;;18;třída Doktora Edvarda Beneše;;Soběslav;Jihočeský kraj;Tábor;392 01;Czechia;tř. Dr. Edvarda Beneše 50/18, 392 01 Soběslav, Czechia;226;;;582841;;24;3541;skola@zs-ebeso.cz;35;;;;;264.0;"{""value"": ""Czechia"", ""subpremise"": """", ""street_number"": """", ""route"": """", ""sublocality"": """", ""locality"": """", ""admin_area_level_1"": """", ""admin_area_level_2"": """", ""country"": ""Czechia"", ""postal_code"": """", ""formatted_address"": ""Czechia""}";;;12116814;www.zs-ebeso.cz;;208;18026774;381524015;315;;;;;jiri@vividbooks.com;YRCQQ8;;527;;236.0
26367;00582841;sloucit;merge;0;2;2;Základní škola – tř. Dr. Edvarda Beneše 50/18, Soběslav;12116814;[];;;;;;7;2023-11-29T07:27:40Z;2026-06-03T18:33:35Z;False;tř. Dr. Edvarda Beneše 50/18, Soběslav;;;;;;Jihočeský kraj;;;;;226;;;00582841;;24;;skola@zs-ebeso.cz;;;;;;284;"{""value"": ""Czech republic"", ""subpremise"": null, ""street_number"": null, ""route"": null, ""sublocality"": null, ""locality"": null, ""admin_area_level_1"": null, ""admin_area_level_2"": null, ""country"": ""Czechia"", ""postal_code"": null, ""formatted_address"": ""Czechia""}";;;18026774;;;208;12116814;381524015;315;;;;;jiri@vividbooks.com;T7D3RW;;516;;232
9238;00602027;ponechat;easy;1;0;1;Střední zahradnická škola;11629944;[];;;;;;7;2023-01-17T17:27:20Z;2026-08-27T12:13:11Z;False;Žákovská 288/20;288;20;Žákovská;Mariánské Hory a Hulváky;Ostrava;Moravskoslezský kraj;Ostrava-město;709 00;Czechia;288, Žákovská 20, 709 00 Ostrava-Mariánské Hory a Hulváky, Czechia;226;;;00602027;;221;;szas.ostrava@gmail.com;;;Přírodovědné lyceum;;;;"{""value"": ""Czechia"", ""subpremise"": """", ""street_number"": """", ""route"": """", ""sublocality"": """", ""locality"": """", ""admin_area_level_1"": """", ""admin_area_level_2"": """", ""country"": ""Czechia"", ""postal_code"": """", ""formatted_address"": ""Czechia""}";;;;www.szas-ostrava.cz;;208;;596 622 335;;;;;;eva.b@vividbooks.com;CPUZXQ;;81;;
39445;00602027;sloucit;easy;0;0;0;Střední zahradnická škola, Ostrava, příspěvková organizace;14063023;[];;;;;;7;2025-09-16T16:31:08Z;2025-09-17T05:59:36Z;False;Moravskoslezský kraj;;;;;;Moravian-Silesian Region;;;Czechia;Moravian-Silesian Region, Czechia;225;;;00602027;;;;;;;;;;;"{""value"": ""Czech Republic"", ""subpremise"": """", ""street_number"": """", ""route"": """", ""sublocality"": """", ""locality"": """", ""admin_area_level_1"": """", ""admin_area_level_2"": """", ""country"": ""Czechia"", ""postal_code"": """", ""formatted_address"": ""Czechia""}";;;14063023;;;;;;;;;;;;;;;;
9267;00638765;ponechat;merge;0;2;1;Střední zdravotnická škola;11629944;[];;;;;;7;2023-01-17T17:27:26Z;2026-05-04T16:38:07Z;False;Ruská 2200/91;;91;Ruská;Praha 10;;Hlavní město Praha;Hlavní město Praha;100 00;Czechia;Střední zdravotnická škola, Ruská 2200/91, 100 00 Praha 10-Vinohrady, Czechia;226;;;00638765;;221;;sekretariat@szs-ruska.cz;;;Ošetřovatel;;;;"{""value"": ""Czechia"", ""subpremise"": """", ""street_number"": """", ""route"": """", ""sublocality"": """", ""locality"": """", ""admin_area_level_1"": """", ""admin_area_level_2"": """", ""country"": ""Czechia"", ""postal_code"": """", ""formatted_address"": ""Czechia""}";;;;http://www.szs-ruska.cz, https://szsvinohrady.cz/kontakty/vedeni-skoly;;208;;"246 090 805 ;246090804";;;;;;iveta@vividbooks.com;ZGMVB6;;52;;
37959;00638765;sloucit;merge;0;0;1;SZŠ Vinohrady, Ruská, Praha 10;12795779;[];;;;;;7;2025-01-29T22:15:45Z;2026-05-18T12:14:19Z;False;Hlavní město Praha;;;;;Prague;Prague;Hlavní město Praha;;Czechia;Prague, Czechia;225;;;00638765;;221;;;;;;;;;"{""value"": ""Czech republic"", ""subpremise"": null, ""street_number"": null, ""route"": null, ""sublocality"": null, ""locality"": null, ""admin_area_level_1"": null, ""admin_area_level_2"": null, ""country"": ""Czechia"", ""postal_code"": null, ""formatted_address"": ""Czechia""}";;;12795779;;;208;12795779;;315;;;;;iveta@vividbooks.com;ZGMVB6;;;180;
8904;00664740;sloucit;easy;0;0;0;SOŠ a SOU;11629944;[];;;;;;7;2023-01-17T17:26:09Z;2024-11-13T01:04:05Z;False;Okružní 1404/;;;Okružní;;Beroun;Středočeský kraj;Beroun;266 01;Czechia;Okružní 1404, Beroun-Město, 266 01 Beroun, Czechia;226;;;00664740;;221;;skola@soshlinky.cz;;;Strojírenské práce;;;;"{""value"": ""Czechia"", ""subpremise"": """", ""street_number"": """", ""route"": """", ""sublocality"": """", ""locality"": """", ""admin_area_level_1"": """", ""admin_area_level_2"": """", ""country"": ""Czechia"", ""postal_code"": """", ""formatted_address"": ""Czechia""}";;;;http://www.soshlinky.cz;;;;311 623 186;;;;;;;;;14;;
36592;00664740;ponechat;easy;0;1;0;SOŠ a SOU Beroun Hlinky;18026774;[];;;;;;7;2024-11-04T09:24:51Z;2024-11-19T12:32:40Z;False;Okružní 1404, Beroun-Město, Czechia;;;Okružní;;;Středočeský kraj;Beroun;266 01;Czechia;Okružní 1404, 266 01 Beroun-Beroun-Město, Czechia;225;;;00664740;;221;;;;;;;;;;;;;https://www.soshlinky.cz/;;;;;;;;;;;;;;;
9282;00669709;sloucit;easy;0;0;0;Střední zdravot.škola a VOŠ zdravotnická;11629944;[];;;;;;7;2023-01-17T17:27:30Z;2024-11-14T01:01:17Z;False;Poděbradská 1247/2;;2;Poděbradská;;Praha, Karlovy Vary;Hlavní město Praha, Karlovarský kraj;Hlavní město Praha, Karlovy Vary;360 01;Czechia;Poděbradská, Praha, Czechia, Poděbradská 1247/2, 360 01 Karlovy Vary, Czechia;226;;;00669709;;221;;sekretariat.skoly@zdravkakv.cz;;;Ošetřovatel;;;;"{""value"": ""Czechia"", ""subpremise"": """", ""street_number"": """", ""route"": """", ""sublocality"": """", ""locality"": """", ""admin_area_level_1"": """", ""admin_area_level_2"": """", ""country"": ""Czechia"", ""postal_code"": """", ""formatted_address"": ""Czechia""}";;;;https://www.zdravkakv.cz;;;;353 233 936 ,737208037;;;;;;;;;0;;
26656;00669709;ponechat;easy;0;0;1;Střední zdravot.škola a VOŠ zdravotnická, Poděbradská 1247/2;18026774;[];;;;;;7;2024-02-27T10:35:32Z;2026-05-15T10:41:49Z;False;Karlovarský kraj;;;;;;Karlovy Vary Region;;;Czechia;Karlovy Vary Region, Czechia;226;;;00 669 709;;221;;;;;;;;;"{""value"": ""Czechia"", ""subpremise"": """", ""street_number"": """", ""route"": """", ""sublocality"": """", ""locality"": """", ""admin_area_level_1"": """", ""admin_area_level_2"": """", ""country"": ""Czechia"", ""postal_code"": """", ""formatted_address"": ""Czechia""}";;;18026774;;;208;18026774;;315;;;;;;VU6PTF;;;;
4148;00830984;ponechat;merge;1;4;4;Základní škola – Obránců míru 2944/1, Most;11629944;[];;;;;;7;2021-05-17T13:09:52Z;2026-09-08T05:46:44Z;False;Obránců míru 2944/1, Most;;;;;;Ústecký kraj;;;;;226;;;00830984;;24;3637;reditel@11zsmost.cz;;;;;;310;"{""value"": ""Czech republic"", ""subpremise"": null, ""street_number"": null, ""route"": null, ""sublocality"": null, ""locality"": null, ""admin_area_level_1"": null, ""admin_area_level_2"": null, ""country"": ""Czechia"", ""postal_code"": null, ""formatted_address"": ""Czechia""}";;;12795779;http://www.11zsmost.cz;;208;12795779;476703517;315;;;;;iveta@vividbooks.com;M278C4;;558;;248
39841;00830984;sloucit;merge;0;0;1;ZŠ Obránců míru 2944, Most;11629944;[];;;;;;7;2026-08-16T17:05:50Z;2026-09-08T05:46:44Z;False;;;;;;;;;;;;225;;;830984;;;;;;;;;;;"{""value"": ""Czech republic"", ""subpremise"": null, ""street_number"": null, ""route"": null, ""sublocality"": null, ""locality"": null, ""admin_area_level_1"": null, ""admin_area_level_2"": null, ""country"": ""Czechia"", ""postal_code"": null, ""formatted_address"": ""Czechia""}";;;;;;208;;;;;;;;;M278C4;;;;
3110;00854824;ponechat;easy;0;2;2;Waldorfská základní škola a střední škola Semily, příspěvková organizace;11629944;[];;;;;;7;2021-05-17T13:03:37Z;2026-03-09T13:09:14Z;False;Tyršova 485, Semily;;;Tyršova;;Semily;Liberecký kraj;Semily;513 01;Czechia;Tyršova 485, 513 01 Semily, Czechia;226;;;854824;;24;6930;info@waldorf.semily.cz;28;;;;;141.0;"{""value"": ""Czechia"", ""subpremise"": """", ""street_number"": """", ""route"": """", ""sublocality"": """", ""locality"": """", ""admin_area_level_1"": """", ""admin_area_level_2"": """", ""country"": ""Czechia"", ""postal_code"": """", ""formatted_address"": ""Czechia""}";;;18026774;www.waldorf-semily.cz;;208;18026774;481624168;315;;;;;;;;246;;105.0
9468;00854824;sloucit;easy;0;0;0;Waldorfská ZSŠ Semily, p.o. – Tyršova 485, Semily;11629944;[];;;;;;7;2023-01-17T17:28:12Z;2024-11-14T01:01:44Z;False;Tyršova 485, Semily;;;;;;Liberecký kraj;;;;;226;;;00854824;;24;;info@waldorf.semily.cz;;;Kombinované lyceum;;;141;"{""value"": ""Czechia"", ""subpremise"": """", ""street_number"": """", ""route"": """", ""sublocality"": """", ""locality"": """", ""admin_area_level_1"": """", ""admin_area_level_2"": """", ""country"": ""Czechia"", ""postal_code"": """", ""formatted_address"": ""Czechia""}";;;;www.waldorf-semily.cz;;;;481624168;;;;;;;;;232;;91
2320;00873489;sloucit;merge;0;1;1;Odborné učiliště, Praktická škola, Základní škola a Mateřská škola Příbram IV, příspěvková organizace;11629944;[];;;;;;7;2021-05-17T12:59:11Z;2026-08-26T03:20:14Z;False;Pod Šachtami 335, Příbram;;335;Pod Šachtami;;Příbram;Středočeský kraj;Příbram;261 01;Czechia;Pod Šachtami 335, Příbram IV, 261 01 Příbram, Czechia;226;;;873489;;24;1822;caisova@ouu.pb.cz;;;;;;42.0;"{""value"": ""Czechia"", ""subpremise"": """", ""street_number"": """", ""route"": """", ""sublocality"": """", ""locality"": """", ""admin_area_level_1"": """", ""admin_area_level_2"": """", ""country"": ""Czechia"", ""postal_code"": """", ""formatted_address"": ""Czechia""}";;;18026774;www.ouu.pb.cz;;208;18026796;318472146;315;;;;;;;;86;;44.0
9482;00873489;ponechat;merge;1;1;4;OU, PrŠ, ZŠ a MŠ – Pod Šachtami 335, Příbram;11629944;[];;;;;;7;2023-01-17T17:28:15Z;2026-09-08T00:05:05Z;False;Pod Šachtami 335, Příbram IV, 26101 Příbram;;;Pod Šachtami;;;Středočeský kraj;Příbram;261 01;Czechia;Pod Šachtami 335, 261 01 Příbram-Příbram IV, Czechia;226;;;00873489;;24;;caisova@ouupb.cz;;;Praktická škola jednoletá;;;56;"{""value"": ""Czech republic"", ""subpremise"": null, ""street_number"": null, ""route"": null, ""sublocality"": null, ""locality"": null, ""admin_area_level_1"": null, ""admin_area_level_2"": null, ""country"": ""Czechia"", ""postal_code"": null, ""formatted_address"": ""Czechia""}";;;;www.ouu.pb.cz;;208;;725373040;;;;;;;75V4F8;;102;;46
39822;01228251;sloucit;merge;0;0;1;"""KRPŠ při ZŠ Hustopeče nad Bečvou""";11629944;[];;;;;;7;2026-06-24T16:32:39Z;2026-06-25T08:06:21Z;False;;;;;;;;;;;;225;;;01228251;;;;;;;;;;;;;;;;;;;;;;;;;;;;;;
39823;01228251;ponechat;merge;1;0;0;"""KRPŠ při ZŠ Hustopeče nad Bečvou""";11629944;[];;;;;;7;2026-06-24T16:32:40Z;2026-06-26T07:58:38Z;False;;;;;;;;;;;;226;;;01228251;;;;;;;;;;;"{""value"": ""Czech republic"", ""subpremise"": null, ""street_number"": null, ""route"": null, ""sublocality"": null, ""locality"": null, ""admin_area_level_1"": null, ""admin_area_level_2"": null, ""country"": ""Czechia"", ""postal_code"": null, ""formatted_address"": ""Czechia""}";;;12116814;;;208;;;;;;;;jiri@vividbooks.com;FF54EY;;;;
2662;01811193;ponechat;merge;0;1;1;Waldorfská základní škola Dobromysl z.ú.;11629944;[];;;;;;7;2021-05-17T13:01:05Z;2026-03-11T11:04:04Z;False;Husova 1126/43, Plzeň;;1126;Husova;Plzeň 3;;Plzeňský kraj;Plzeň-město;301 00;Czechia;Husova 1126, 301 00 Plzeň 3-Jižní Předměstí, Czechia;226;;;1811193;;24;2162;reditel@skoladobromysl.cz;;;;;;103.0;"{""value"": ""Czechia"", ""subpremise"": """", ""street_number"": """", ""route"": """", ""sublocality"": """", ""locality"": """", ""admin_area_level_1"": """", ""admin_area_level_2"": """", ""country"": ""Czechia"", ""postal_code"": """", ""formatted_address"": ""Czechia""}";;;18026774;www.skoladobromysl.cz;;208;18026774;773526874;315;;;;;;;;167;;64.0
9625;01811193;sloucit;merge;0;0;2;Waldorfská ZŠ a SŠ Dobromysl z.ú. – Husova 1126/43, Plzeň;11629944;[];;;;;;7;2023-01-17T17:28:45Z;2026-02-18T11:09:11Z;False;Husova 1126/43, Plzeň;;;;;;Plzeňský kraj;;;;;226;;;01811193;;24;;reditel@skoladobromysl.cz;;;Kombinované lyceum;;;108;"{""value"": ""Czechia"", ""subpremise"": """", ""street_number"": """", ""route"": """", ""sublocality"": """", ""locality"": """", ""admin_area_level_1"": """", ""admin_area_level_2"": """", ""country"": ""Czechia"", ""postal_code"": """", ""formatted_address"": ""Czechia""}";;;;www.skoladobromysl.cz;;;;773526874;;;;;;;;;199;;91
2377;02640007;ponechat;merge;0;1;2;Základní škola a Střední škola JEDNA RADOST Pňov-Předhradí;11629944;[];;;;;;7;2021-05-17T12:59:31Z;2026-01-19T11:58:38Z;False;Na Hrázi 742/64, Poděbrady;;64;Na Hrázi;;Poděbrady;Středočeský kraj;Nymburk;290 01;Czechia;Na Hrázi 742/64, Poděbrady III, 290 01 Poděbrady, Czechia;226;;;2640007;;24;1878;miroslava.homolova@skola1radost.cz;;;;;;52.0;"{""value"": ""Czechia"", ""subpremise"": """", ""street_number"": """", ""route"": """", ""sublocality"": """", ""locality"": """", ""admin_area_level_1"": """", ""admin_area_level_2"": """", ""country"": ""Czechia"", ""postal_code"": """", ""formatted_address"": ""Czechia""}";;;18026774;http://www.skolajednaradost.cz;;208;18026796;702143221;315;;;;;;;;109;;57.0
9627;02640007;sloucit;merge;0;0;1;ZŠ a SŠ JEDNA RADOST – Školní 73, Pňov-Předhradí;11629944;[];;;;;;7;2023-01-17T17:28:45Z;2026-09-02T21:10:34Z;False;Školní 73, Pňov-Předhradí;;;;;;Středočeský kraj;;;;;226;;;02640007;;24;;lenka.moncekova@skola1radost.cz;;;Pedagogické lyceum;;;51;"{""value"": ""Czechia"", ""subpremise"": """", ""street_number"": """", ""route"": """", ""sublocality"": """", ""locality"": """", ""admin_area_level_1"": """", ""admin_area_level_2"": """", ""country"": ""Czechia"", ""postal_code"": """", ""formatted_address"": ""Czechia""}";;;;http://www.skolajednaradost.cz;;;;607752815;;;;;;;;;111;;60
2961;03972071;ponechat;easy;0;11;7;LABYRINTH - gymnázium a ZŠ, s.r.o. – Lidická 1869/28, Brno;11629944;[5];;;;;;7;2021-05-17T13:02:48Z;2026-09-07T16:53:31Z;False;Technická 2998/19, Machova budova D,E, Brno, 61600;;19;Technická;Brno-Královo Pole;;Jihomoravský kraj;Brno-město;612 00;Czechia;Machova budova, Technická 2998/19, 612 00 Brno-Královo Pole, Czechia;226;[205];;03972071;[288];24;2461;svozil@labyrinthschool.cz;;[345, 347, 348];;;371;224;"{""value"": ""Czech republic"", ""subpremise"": null, ""street_number"": null, ""route"": null, ""sublocality"": null, ""locality"": null, ""admin_area_level_1"": null, ""admin_area_level_2"": null, ""country"": ""Czechia"", ""postal_code"": null, ""formatted_address"": ""Czechia""}";2026-08-30;;14063023;http://www.labyrinthschool.cz;;208;14063023;608407832;315;;;;;eva.b@vividbooks.com;XLTDEC;;349;;125
39292;03972071;sloucit;easy;0;0;0;LABYRINTH - gymnázium a základní škola, s.r.o.;14063023;[];;;;;;7;2025-06-23T07:35:55Z;2025-07-03T14:31:05Z;False;Jihomoravský kraj;;;;;;South Moravian Region;;;Czechia;South Moravian Region, Czechia;225;;;03972071 ;;;;;;;;;;;"{""value"": ""Czech republic"", ""subpremise"": null, ""street_number"": null, ""route"": null, ""sublocality"": null, ""locality"": null, ""admin_area_level_1"": null, ""admin_area_level_2"": null, ""country"": ""Czechia"", ""postal_code"": null, ""formatted_address"": ""Czechia""}";;;14063023;;;208;14063023;;315;;;;;;XLTDEC;;;;
8313;04775112;ponechat;merge;0;3;0;2. ScioŠkola Praha - základní škola, s.r.o;11629944;[];;;;;;7;2022-09-02T09:20:18Z;2025-01-08T19:13:14Z;False;V Zahrádkách 2833/3, Praha 3-Žižkov, Česko;;3;V Zahrádkách;Praha 3;;Hlavní město Praha;Hlavní město Praha;130 00;Česko;V Zahrádkách 2833/3, 130 00 Praha 3-Žižkov, Česko;226;;;4775112;;24;;;;;;;;;"{""value"": ""Czechia"", ""subpremise"": """", ""street_number"": """", ""route"": """", ""sublocality"": """", ""locality"": """", ""admin_area_level_1"": """", ""admin_area_level_2"": """", ""country"": ""Czechia"", ""postal_code"": """", ""formatted_address"": ""Czechia""}";;;11629944;https://praha3.scioskola.cz/;;208;11629944;;315;;;;;eva.b@vividbooks.com;;;;;
28321;04775112;sloucit;merge;0;1;1;2. ScioŠkola Praha - ZŠ, s.r.o. – V zahrádkách 2833/3, Praha 3 - Žižkov;12795779;[];;;;;;7;2024-09-12T16:06:40Z;2026-05-05T08:18:03Z;False;V zahrádkách 2833/3, Praha 3 - Žižkov;;;;;;Hlavní město Praha;;;;;226;;;04775112;;24;;praha9@scioskola.cz;;;;;;73;"{""value"": ""Czechia"", ""subpremise"": """", ""street_number"": """", ""route"": """", ""sublocality"": """", ""locality"": """", ""admin_area_level_1"": """", ""admin_area_level_2"": """", ""country"": ""Czechia"", ""postal_code"": """", ""formatted_address"": ""Czechia""}";;;12795779;;;208;12795779;777226226;315;;;;;iveta@vividbooks.com;Q5FJMD;;132;;59
7906;05007984;ponechat;merge;0;4;1;ZŠ Na Radosti;11629944;[];;;;;;7;2022-05-04T12:27:52Z;2025-11-12T14:50:40Z;False;Komenského 972/10, Žďár nad Sázavou 3, 591 01;;10;Komenského;;Žďár nad Sázavou;Kraj Vysočina;Žďár nad Sázavou;591 01;Czechia;Komenského 972/10, Žďár nad Sázavou 3, 591 01 Žďár nad Sázavou, Czechia;226;;;05 007 984;;24;8605;info@skolanaradosti.cz;;;;;;;"{""value"": ""Czech republic"", ""subpremise"": null, ""street_number"": null, ""route"": null, ""sublocality"": null, ""locality"": null, ""admin_area_level_1"": null, ""admin_area_level_2"": null, ""country"": ""Czechia"", ""postal_code"": null, ""formatted_address"": ""Czechia""}";;;12116814;https://www.skolanaradosti.cz/;;208;12116814;724 814 386;315;797726018;;;;jiri@vividbooks.com;FZ6K6F;;66;;
35472;05007984;sloucit;merge;1;2;2;Základní škola Na Radosti – Husova 376/3, Žďár nad Sázavou;11629944;[5];;;;;;7;2024-10-23T09:30:07Z;2026-07-28T13:18:04Z;False;Husova 376/3, Žďár nad Sázavou;;;;;;Kraj Vysočina;;;;;226;[205];;05007984;[289];24;;info@skolanaradosti.cz;;;;;;36;"{""value"": ""Czech republic"", ""subpremise"": null, ""street_number"": null, ""route"": null, ""sublocality"": null, ""locality"": null, ""admin_area_level_1"": null, ""admin_area_level_2"": null, ""country"": ""Czechia"", ""postal_code"": null, ""formatted_address"": ""Czechia""}";2027-08-30;;12116814;;;208;12116814;797726018;315;;[269, 270, 271, 272];;;jiri@vividbooks.com;TR9S2D;;66;;30
39229;05055806;sloucit;easy;0;0;0;05055806	Základní organizace Základní škola;11629944;[];;;;;;7;2025-05-06T09:39:37Z;2026-05-22T09:21:47Z;False;;;;;;;;;;;;225;;;05055806	Základní organizace Základní škola;;;;;;;;;;;"{""value"": ""Czech republic"", ""subpremise"": null, ""street_number"": null, ""route"": null, ""sublocality"": null, ""locality"": null, ""admin_area_level_1"": null, ""admin_area_level_2"": null, ""country"": ""Czechia"", ""postal_code"": null, ""formatted_address"": ""Czechia""}";;;14063023;;;208;11629944;;315;;;;;;;;;;
39717;05055806;ponechat;easy;0;0;1;Základní organizace Základní škola Ostrava, Zelená 42;14063023;[];;;;;;7;2026-02-27T11:12:01Z;2026-05-22T09:22:32Z;False;Moravskoslezský kraj;;;;;;Moravian-Silesian Region;;;Czechia;Moravian-Silesian Region, Czechia;225;;;05055806;;;;;;;;;;;"{""value"": ""Czech republic"", ""subpremise"": null, ""street_number"": null, ""route"": null, ""sublocality"": null, ""locality"": null, ""admin_area_level_1"": null, ""admin_area_level_2"": null, ""country"": ""Czechia"", ""postal_code"": null, ""formatted_address"": ""Czechia""}";;;;;;208;;;;;;;;;XM3787;;;;
39428;06069185;ponechat;merge;1;1;9;Základní škola Ninjabot;11629944;[];;;;;;7;2025-09-12T07:40:48Z;2026-08-06T12:37:02Z;False;Hradec Kralove, Czechia;;;;;Hradec Kralove;Hradec Králové Region;Hradec Králové District;;Czechia;Hradec Kralove, Czechia;226;;;6069185;[289];;;;;;;;;;"{""value"": ""Czech republic"", ""subpremise"": null, ""street_number"": null, ""route"": null, ""sublocality"": null, ""locality"": null, ""admin_area_level_1"": null, ""admin_area_level_2"": null, ""country"": ""Czechia"", ""postal_code"": null, ""formatted_address"": ""Czechia""}";;;12116814;;;208;14063023;;315;;;;;jiri@vividbooks.com;;455;;;
39835;06069185;sloucit;merge;1;0;1;Ninjabot;11629944;[];;;;;;7;2026-08-01T15:45:12Z;2026-08-17T10:55:36Z;False;;;;;;;;;;;;226;;;06069185;;;;;;;;;;;"{""value"": ""Czech republic"", ""subpremise"": null, ""street_number"": null, ""route"": null, ""sublocality"": null, ""locality"": null, ""admin_area_level_1"": null, ""admin_area_level_2"": null, ""country"": ""Czechia"", ""postal_code"": null, ""formatted_address"": ""Czechia""}";;;;;;208;;;;;;;;;CEEF7M;;;;
25619;07699603;ponechat;easy;1;10;3;ZŠ Eduard;14063023;[5];;;;;;7;2023-05-26T08:43:59Z;2026-08-26T00:00:42Z;False;Areál TMB, Terezy Novákové 64, 621 00 Brno-Řečkovice a Mokrá Hora, Česko;;64;Terezy Novákové;Brno-Řečkovice a Mokrá Hora;;Jihomoravský kraj;Brno-město;621 00;Česko;Areál TMB, T. Novákové 64, 621 00 Brno-Řečkovice a Mokrá Hora, Česko;226;[205];;07699603;[288, 289];24;19040;;;[345, 346];;;;;"{""value"": ""Czech republic"", ""subpremise"": null, ""street_number"": null, ""route"": null, ""sublocality"": null, ""locality"": null, ""admin_area_level_1"": null, ""admin_area_level_2"": null, ""country"": ""Czechia"", ""postal_code"": null, ""formatted_address"": ""Czechia""}";2027-08-31;;14063023;https://zseduard.cz/;;208;14063023;;315;;[269, 270, 271, 272];;;eva.b@vividbooks.com;ZDVKCS;;;;
34885;07699603;sloucit;easy;0;0;0;Základní škola Eduard – Ernsta Macha 866/27d, Brno;11629944;[];;;;;;7;2024-10-23T09:24:41Z;2024-11-15T01:03:08Z;False;Ernsta Macha 866/27d, Brno;;;;;;Jihomoravský kraj;;;;;226;;;07699603;;24;;gabriela.parilova@zseduard.cz;;;;;;53;"{""value"": ""Czechia"", ""subpremise"": """", ""street_number"": """", ""route"": """", ""sublocality"": """", ""locality"": """", ""admin_area_level_1"": """", ""admin_area_level_2"": """", ""country"": ""Czechia"", ""postal_code"": """", ""formatted_address"": ""Czechia""}";;;;;;;;602590955;;;;;;;;;53;;0
9511;15060977;sloucit;easy;0;0;0;Akademie-VOŠ, Gymn. a SOŠ uměleckoprům.;11629944;[];;;;;;7;2023-01-17T17:28:20Z;2024-11-14T01:01:53Z;False;Sázavská 547/;;547;Sázavská;;Světlá nad Sázavou;Kraj Vysočina;Havlíčkův Brod;582 91;Czechia;Sázavská 547, 582 91 Světlá nad Sázavou, Czechia;226;;;15060977;;221;;skola@akademie-svetla.cz;;;Strojník;;;;"{""value"": ""Czechia"", ""subpremise"": """", ""street_number"": """", ""route"": """", ""sublocality"": """", ""locality"": """", ""admin_area_level_1"": """", ""admin_area_level_2"": """", ""country"": ""Czechia"", ""postal_code"": """", ""formatted_address"": ""Czechia""}";;;;http://www.akademie-svetla.cz;;;;569 452 441;;;;;;;;;1;;
36374;15060977;ponechat;easy;0;1;1;Akademie – Vyšší odborná škola, Gymnázium a Střední odborná škola uměleckoprůmyslová Světlá nad Sázavou;12116814;[];;;;;;7;2024-10-30T17:19:32Z;2026-05-25T09:56:33Z;False;Sázavská 547  Světlá nad Sázavou 582 91;;;Sázavská;;;Kraj Vysočina;Havlíčkův Brod;582 91;Czechia;Sázavská 547, 582 91 Světlá nad Sázavou, Czechia;226;;;15060977;;221;;;;;;;;;"{""value"": ""Czechia"", ""subpremise"": """", ""street_number"": """", ""route"": """", ""sublocality"": """", ""locality"": """", ""admin_area_level_1"": """", ""admin_area_level_2"": """", ""country"": ""Czechia"", ""postal_code"": """", ""formatted_address"": ""Czechia""}";;;12116814;;;208;12116814;;315;;;;;jiri@vividbooks.com;PMSG5R;;;;
35299;19133243;ponechat;easy;0;1;2;ScioŠkola Brno Trnitá – ZŠ, s.r.o. – Šujanovo náměstí 356, Brno;11629944;[412];;;;;;7;2024-10-23T09:28:02Z;2026-05-27T13:33:24Z;False;Šujanovo náměstí 356, Brno;;;;;;Jihomoravský kraj;;;;;226;;;19133243;;24;;trnita@scioskola.cz;;;;;;22;"{""value"": ""Czechia"", ""subpremise"": """", ""street_number"": """", ""route"": """", ""sublocality"": """", ""locality"": """", ""admin_area_level_1"": """", ""admin_area_level_2"": """", ""country"": ""Czechia"", ""postal_code"": """", ""formatted_address"": ""Czechia""}";;;;;;;;777939778;;;;;;eva.b@vividbooks.com;;;26;;4
39543;19133243;sloucit;easy;0;0;0;Scio škola Brno Trnitá;11629944;[];;;;;;7;2025-11-06T20:38:45Z;2025-11-07T06:38:33Z;False;;;;;;;;;;;;225;;;19133243;;24;;;;;;;;;;;;;;;;;;;;;;;eva.b@vividbooks.com;X2YRZU;;;;
8637;21287848;ponechat;easy;0;7;6;Základní škola Hučák – č.p. 83, Lochenice;11629944;[5];;;;;;7;2022-11-24T09:57:10Z;2026-08-11T00:00:44Z;False;č.p. 83, Lochenice;;;;;;Královéhradecký kraj;;;;;226;[205];;21287848;[288, 289];24;10395;info@hucak.cz;;[347];;;371;62;"{""value"": ""Czech republic"", ""subpremise"": null, ""street_number"": null, ""route"": null, ""sublocality"": null, ""locality"": null, ""admin_area_level_1"": null, ""admin_area_level_2"": null, ""country"": ""Czechia"", ""postal_code"": null, ""formatted_address"": ""Czechia""}";;;12795779;http://hucak.cz/kontakt/;;208;12795779;777838567;315;;[269];386;;iveta@vividbooks.com;GTRZTD;;96;;34
39682;21287848;sloucit;easy;0;0;0;ScioŠkola Hradec Králové - základní škola, s.r.o.;18026774;[];;;;;;7;2026-02-13T20:29:39Z;2026-02-14T01:00:21Z;False;Královéhradecký kraj;;;;;;Hradec Králové Region;;;Czechia;Hradec Králové Region, Czechia;225;;;21287848;;;;;;;;;;;"{""value"": ""Czech Republic"", ""subpremise"": null, ""street_number"": null, ""route"": null, ""sublocality"": null, ""locality"": null, ""admin_area_level_1"": null, ""admin_area_level_2"": null, ""country"": ""Czechia"", ""postal_code"": null, ""formatted_address"": ""Czechia""}";;;;;;;;;;;;;;;;;;;
8629;22842292;ponechat;merge;0;1;1;Eduteam – centrum celoživotního vzdělávání z.s.;11629944;[];;;;;;7;2022-11-21T16:39:24Z;2026-08-07T16:52:24Z;False;Ve žlíbku 232/44, 193 00 Horní Počernice, Česko;;232;Ve žlíbku;Praha 20;;Hlavní město Praha;Hlavní město Praha;193 00;Česko;Ve žlíbku 232, 193 00 Praha 20, Česko;226;;; 22842292;;23;;;;;;;;;"{""value"": ""Czechia"", ""subpremise"": """", ""street_number"": """", ""route"": """", ""sublocality"": """", ""locality"": """", ""admin_area_level_1"": """", ""admin_area_level_2"": """", ""country"": ""Czechia"", ""postal_code"": """", ""formatted_address"": ""Czechia""}";;;;;;208;;777 002 379;;;;;;iveta@vividbooks.com;VCMT5M;;;;
39419;22842292;sloucit;merge;0;0;1;Eduteam-centrum celoživotního vzdělávání z.s.;12795779;[];;;;;;7;2025-09-09T11:01:52Z;2026-05-28T10:00:32Z;False;Hlavní město Praha;;;;;Prague;Prague;Hlavní město Praha;;Czechia;Prague, Czechia;225;;;22842292;;;;;;;;;;;"{""value"": ""Czech republic"", ""subpremise"": null, ""street_number"": null, ""route"": null, ""sublocality"": null, ""locality"": null, ""admin_area_level_1"": null, ""admin_area_level_2"": null, ""country"": ""Czechia"", ""postal_code"": null, ""formatted_address"": ""Czechia""}";;;;;;208;;;;;;;;;VCMT5M;;;;
7884;24252832;sloucit;merge;0;0;1;MŠ a ZŠ Duhový Svět, s.r.o.;11629944;[];;;;;;7;2022-04-27T17:50:12Z;2025-11-12T15:42:58Z;False;Bendlova 2168, 272 01 Kladno, Česko;;2168;Bendlova;;Kladno;Středočeský kraj;Kladno;272 01;Czechia;Bendlova 2168, 272 01 Kladno, Czechia;226;;;242 52 832;;;8698;lenka.koubova@zsduhovysvet.cz;;;;;;;"{""value"": ""Czechia"", ""subpremise"": """", ""street_number"": """", ""route"": """", ""sublocality"": """", ""locality"": """", ""admin_area_level_1"": """", ""admin_area_level_2"": """", ""country"": ""Czechia"", ""postal_code"": """", ""formatted_address"": ""Czechia""}";;;12795779;https://www.msduhovysvet.cz/cs;;;;+420 777 454 460;;;;;;;;;;;
34680;24252832;ponechat;merge;1;2;2;MŠ a ZŠ Duhový svět, s.r.o. – Bendlova 2168, Kladno;11629944;[5];;;;;;7;2024-10-23T09:23:03Z;2026-08-25T13:12:53Z;False;Bendlova 2168, Kladno;;;;;;Středočeský kraj;;;;;226;[205];;24252832;[288];24;26633;andrea.mariasova@msduhovysvet.cz;;[345, 347];;;;41;"{""value"": ""Czech republic"", ""subpremise"": null, ""street_number"": null, ""route"": null, ""sublocality"": null, ""locality"": null, ""admin_area_level_1"": null, ""admin_area_level_2"": null, ""country"": ""Czechia"", ""postal_code"": null, ""formatted_address"": ""Czechia""}";;;18026774;https://www.msduhovysvet.cz/;;208;18026774;777454460;315;;;;;gabriela@vividbooks.com;9YJTF9;;41;;20
5062;25088246;ponechat;merge;0;6;5;Pražské humanitní gymnázium;11629944;[];;;;;;7;2021-07-16T12:47:56Z;2026-05-11T08:00:14Z;False;Svatoslavova,333/4;;333;Svatoslavova;Praha 4;;Hlavní město Praha;Hlavní město Praha;140 00;Czechia;Svatoslavova 333, 140 00 Praha 4-Nusle, Czechia;226;;;25088246;;25;4635;bocanova@phgymnazium.cz;;;;;371;;"{""value"": ""Czech republic"", ""subpremise"": null, ""street_number"": null, ""route"": null, ""sublocality"": null, ""locality"": null, ""admin_area_level_1"": null, ""admin_area_level_2"": null, ""country"": ""Czechia"", ""postal_code"": null, ""formatted_address"": ""Czechia""}";;;12795779;http://www.phgymnazium.cz;;208;12795779;703141131;315;;;386;;iveta@vividbooks.com;TEXTH2;;185;;
28202;25088246;sloucit;merge;0;3;2;PHG;12795779;[140];;;;;;7;2024-09-02T09:32:22Z;2026-08-27T06:37:21Z;False;Hlavní město Praha;;;;;Prague;Prague;Hlavní město Praha;;Czechia;Prague, Czechia;226;[205];;25088246;[288];25;;;;[347];;;;;"{""value"": ""Czech republic"", ""subpremise"": null, ""street_number"": null, ""route"": null, ""sublocality"": null, ""locality"": null, ""admin_area_level_1"": null, ""admin_area_level_2"": null, ""country"": ""Czechia"", ""postal_code"": null, ""formatted_address"": ""Czechia""}";;;12795779;;;208;12795779;;315;;;;;iveta@vividbooks.com;TEXTH2;;;180;
2486;25349520;ponechat;merge;0;7;7;Academic School, MŠ, ZŠ a SŠ, s.r.o. – Studentské náměstí 1531, Uherské Hradiště;11629944;[];;;;;;7;2021-05-17T13:00:10Z;2026-09-08T08:57:51Z;False;Studentské náměstí 1531, Uherské Hradiště;;;;;;Zlínský kraj;;;;;226;;;25349520;;24;1987;vera.olsakova@academicschool.cz;;;;;;97;"{""value"": ""Czech republic"", ""subpremise"": null, ""street_number"": null, ""route"": null, ""sublocality"": null, ""locality"": null, ""admin_area_level_1"": null, ""admin_area_level_2"": null, ""country"": ""Czechia"", ""postal_code"": null, ""formatted_address"": ""Czechia""}";;;14063023;https://academicschool.cz/;;208;14063023;576519343;315;;;;;eva.b@vividbooks.com;Z35RHV;;169;;72
39713;25349520;sloucit;merge;0;0;1;Academic School, Mateřská škola, základní škola a střední škola, s.r.o.;14063023;[];;;;;;7;2026-02-26T16:52:02Z;2026-09-07T12:00:13Z;False;Zlínský kraj;;;;;;Zlín Region;;;Czechia;Zlín Region, Czechia;225;;; 25349520;;;;;;;;;;;"{""value"": ""Czech republic"", ""subpremise"": null, ""street_number"": null, ""route"": null, ""sublocality"": null, ""locality"": null, ""admin_area_level_1"": null, ""admin_area_level_2"": null, ""country"": ""Czechia"", ""postal_code"": null, ""formatted_address"": ""Czechia""}";;;;;;208;;;;;;;;;Z35RHV;;;;
6817;25369474;ponechat;merge;1;13;7;Základní škola logopedická s.r.o. – Paskovská 65/92, Ostrava;11629944;[5];;;;;;7;2021-10-14T05:34:34Z;2026-08-31T12:19:10Z;False;Paskovská 65/92, Ostrava 20, Czechia;92;92;Paskovská;;;Moravskoslezský kraj;Ostrava-město;720 00;Czechia;92, Paskovská 65/92, 720 00 Ostrava-Hrabová, Czechia;226;[205];;25369474;[288, 289];24;6258;h.juricova@zs-klokanek.eu;;[345];;;371;81;"{""value"": ""Czech republic"", ""subpremise"": null, ""street_number"": null, ""route"": null, ""sublocality"": null, ""locality"": null, ""admin_area_level_1"": null, ""admin_area_level_2"": null, ""country"": ""Česko"", ""postal_code"": null, ""formatted_address"": ""Česko""}";2028-01-30;;14063023;https://www.zs-klokanek.cz/;;208;;771110591;;;[269];;;eva.b@vividbooks.com;AN6URC;;142;;61
39586;25369474;sloucit;merge;0;0;1;Základní škola logopedická s.r.o.;14063023;[];;;;;;7;2026-01-05T21:21:59Z;2026-01-19T11:45:35Z;False;Moravskoslezský kraj;;;;;;Moravian-Silesian Region;;;Czechia;Moravian-Silesian Region, Czechia;225;;;CZ25369474;;;;;;;;;;;"{""value"": ""Czech republic"", ""subpremise"": null, ""street_number"": null, ""route"": null, ""sublocality"": null, ""locality"": null, ""admin_area_level_1"": null, ""admin_area_level_2"": null, ""country"": ""Czechia"", ""postal_code"": null, ""formatted_address"": ""Czechia""}";;;;;;208;;;;;;;;;LTRZMV;;;;
5038;25546210;sloucit;merge;0;2;4;I. Něm. zem. gymnasium, ZŠ a MŠ, o.p.s. – Mendlovo náměstí 1/4, Brno;11629944;[];;;;;;7;2021-07-16T12:47:48Z;2026-04-24T09:51:22Z;False;Mendlovo náměstí 1/4, Brno;;;;;;Jihomoravský kraj;;;;;226;;;25546210;;24;6924;reditelstvi@skolskykomplex.cz;;;;;;161;"{""value"": ""Czech republic"", ""subpremise"": null, ""street_number"": null, ""route"": null, ""sublocality"": null, ""locality"": null, ""admin_area_level_1"": null, ""admin_area_level_2"": null, ""country"": ""Czechia"", ""postal_code"": null, ""formatted_address"": ""Czechia""}";;;14063023;http://www.skolskykomplex.cz;;208;;+420541214465;;543211790;;386;;iveta@vividbooks.com;UGQQEC;;161;;0
39377;25546210;ponechat;merge;0;3;5;PORG Brno - gymnázium, základní škola a mateřská škola, o.p.s.;14063023;[];;;;;;7;2025-08-28T13:35:06Z;2026-09-04T09:26:44Z;False;Mendlovo náměstí 1, 603 00 Staré Brno, Česko;;3;Mendlovo náměstí;Brno-střed;;Jihomoravský kraj;Brno-město;603 00;Česko;Mendlovo nám. 1/3, 603 00 Brno-střed-Staré Brno, Česko;225;;;25546210;;24;3394;;;;;;;;"{""value"": ""Czech republic"", ""subpremise"": null, ""street_number"": null, ""route"": null, ""sublocality"": null, ""locality"": null, ""admin_area_level_1"": null, ""admin_area_level_2"": null, ""country"": ""Česko"", ""postal_code"": null, ""formatted_address"": ""Česko""}";;;14063023;https://www.porg.cz/porg-brno/;;208;;;;;;;;eva.b@vividbooks.com;UGQQEC;;;;
2349;25602578;sloucit;merge;0;1;1;Soukr. ZŠ Integrál pro žáky se spec.por. – Jana Masaryka 360/25, Praha 2 - Vinohrady;11629944;[];;;;;;7;2021-05-17T12:59:21Z;2026-03-06T11:13:21Z;False;Jana Masaryka 360/25, Praha 2 - Vinohrady;;;;;;Hlavní město Praha;;;;;226;;;25602578;;24;1850;skola@skolaintegral.cz;;;;;;46;"{""value"": ""Czechia"", ""subpremise"": """", ""street_number"": """", ""route"": """", ""sublocality"": """", ""locality"": """", ""admin_area_level_1"": """", ""admin_area_level_2"": """", ""country"": ""Czechia"", ""postal_code"": """", ""formatted_address"": ""Czechia""}";;;11629944;www.skolaintegral.cz;;208;11629944;224253470;315;;;;;;;;105;;59
38882;25602578;ponechat;merge;0;4;2;Soukromá základní škola Integrál pro žáky se specifickými poruchami učení, s.r.o.;12795779;[];;;;;;7;2025-03-17T19:24:51Z;2026-07-28T12:45:44Z;False;Hlavní město Praha;;;;;Prague;Prague;Hlavní město Praha;;Czechia;Prague, Czechia;225;;;25602578;;24;;;;;;;371;;"{""value"": ""Czech republic"", ""subpremise"": null, ""street_number"": null, ""route"": null, ""sublocality"": null, ""locality"": null, ""admin_area_level_1"": null, ""admin_area_level_2"": null, ""country"": ""Czechia"", ""postal_code"": null, ""formatted_address"": ""Czechia""}";;;12795779;;;208;12795779;;315;;;;;iveta@vividbooks.com;ZK5T8T;;;;
8868;25607375;sloucit;merge;0;0;1;MICHAEL-SŠ a VOŠ rekl. a umělec. tvorby;11629944;[];;;;;;7;2023-01-17T17:26:01Z;2026-05-20T12:08:23Z;False;Machkova 1646/1;;1646/1;Machkova;Praha 11;;Hlavní město Praha;Hlavní město Praha;149 00;Czechia;Machkova 1646/1, 149 00 Praha 11-Chodov, Czechia;226;;;25607375;;221;;"info@skolamichael.cz; hrubesovam@skolamichael.cz";;;Užitá fotografie a média;;;;"{""value"": ""Czechia"", ""subpremise"": """", ""street_number"": """", ""route"": """", ""sublocality"": """", ""locality"": """", ""admin_area_level_1"": """", ""admin_area_level_2"": """", ""country"": ""Czechia"", ""postal_code"": """", ""formatted_address"": ""Czechia""}";;;;http://www.skolamichael.cz;;;;267 910 638 ,777229400;;;;;;;;;92;;
27207;25607375;ponechat;merge;0;2;3;MICHAEL-SŠ a VOŠ rekl. a umělec. tvorby, Machkova 1646/1;12795779;[];;;;;;7;2024-04-04T16:56:01Z;2026-06-03T09:06:00Z;False;Hlavní město Praha;;;;;Prague;Prague;Hlavní město Praha;;Czechia;Prague, Czechia;225;;;25607375;;212;;;;;;;;;"{""value"": ""Czech republic"", ""subpremise"": null, ""street_number"": null, ""route"": null, ""sublocality"": null, ""locality"": null, ""admin_area_level_1"": null, ""admin_area_level_2"": null, ""country"": ""Czechia"", ""postal_code"": null, ""formatted_address"": ""Czechia""}";;;12795779;;;208;12795779;;315;;;;;iveta@vividbooks.com;57JB7M;;;;
2110;25612778;ponechat;merge;0;9;3;Základní škola Klíček – Donovalská 1863/44, Praha 4 - Chodov;11629944;[5];;;;;;7;2021-04-09T11:48:51Z;2026-08-07T15:59:17Z;False;Donovalská 1863/44, Praha 4 - Chodov;;;;;;Hlavní město Praha;;;;;226;[205];;25612778;[288];24;1562;klicek@klicek.cz;;;;;;96;"{""value"": ""Czechia"", ""subpremise"": """", ""street_number"": """", ""route"": """", ""sublocality"": """", ""locality"": """", ""admin_area_level_1"": """", ""admin_area_level_2"": """", ""country"": ""Czechia"", ""postal_code"": """", ""formatted_address"": ""Czechia""}";;;12795779;https://www.klicek.cz/, http://www.klicek.cz;;208;11629944;272922133;315;;[269];;;iveta@vividbooks.com;XZ9DA2;;160;;64
39228;25612778;sloucit;merge;0;1;2;Základní škola Klíček;12795779;[];;;;;;7;2025-05-06T08:46:04Z;2026-01-20T12:28:41Z;False;Hlavní město Praha;;;;;Prague;Prague;Hlavní město Praha;;Czechia;Prague, Czechia;226;;;25612778 ;;;;;;;;;;;"{""value"": ""Czech republic"", ""subpremise"": null, ""street_number"": null, ""route"": null, ""sublocality"": null, ""locality"": null, ""admin_area_level_1"": null, ""admin_area_level_2"": null, ""country"": ""Czechia"", ""postal_code"": null, ""formatted_address"": ""Czechia""}";;;12795779;;;208;12795779;;315;;;;;iveta@vividbooks.com;XZ9DA2;;;;
5083;25741497;ponechat;merge;1;1;3;ZŠ něm.-čes. por. T.Manna, o.p.s. – Střížkovská 32/27, Praha 8 - Střížkov;11629944;[];;;;;;7;2021-07-16T12:48:04Z;2026-06-17T06:33:25Z;False;Střížkovská 32/27, Praha 8 - Střížkov;;;;;;Hlavní město Praha;;;;;226;;;25741497;;24;24362;skola@gtmskola.cz;;;;;;248;"{""value"": ""Czech republic"", ""subpremise"": null, ""street_number"": null, ""route"": null, ""sublocality"": null, ""locality"": null, ""admin_area_level_1"": null, ""admin_area_level_2"": null, ""country"": ""Czechia"", ""postal_code"": null, ""formatted_address"": ""Czechia""}";;;18026774;https://www.zsncp.cz/;;208;18026774;+420 283 882 581;;;;386;;gabriela@vividbooks.com;;;248;;0
39383;25741497;sloucit;merge;0;1;1;Základní škola německo-českého porozumění Thomase Manna, o.p.s.;12795779;[];;;;;;7;2025-08-29T18:38:32Z;2026-05-25T10:09:59Z;False;Hlavní město Praha;;;;;Prague;Prague;Hlavní město Praha;;Czechia;Prague, Czechia;226;;;25741497 ;;24;;;;;;;;;"{""value"": ""Czech republic"", ""subpremise"": null, ""street_number"": null, ""route"": null, ""sublocality"": null, ""locality"": null, ""admin_area_level_1"": null, ""admin_area_level_2"": null, ""country"": ""Czechia"", ""postal_code"": null, ""formatted_address"": ""Czechia""}";;;;;;208;;;;;;;;iveta@vividbooks.com;H8QTHE;;;;
2608;25853708;ponechat;easy;3;12;7;Základní škola Sedmikráska, o.p.s. – Bezručova 293, Rožnov pod Radhoštěm;11629944;[5];;;;;;7;2021-05-17T13:00:49Z;2026-09-08T09:07:23Z;False;Bezručova 293, Rožnov pod Radhoštěm;;;;;;Zlínský kraj;;;;;226;[205];;25853708;[288, 289, 418];24;2108;skola@sedmikraska.cz;;[346, 347];;;371;90;"{""value"": ""Czech republic"", ""subpremise"": null, ""street_number"": null, ""route"": null, ""sublocality"": null, ""locality"": null, ""admin_area_level_1"": null, ""admin_area_level_2"": null, ""country"": ""Česko"", ""postal_code"": null, ""formatted_address"": ""Česko""}";2027-09-08;;14063023;www.sedmikraska.cz;;208;14063023;575753923;315;;[270];386;;eva.b@vividbooks.com;9PQLFD;;162;;72
39298;25853708;sloucit;easy;0;0;0;Základní škola Sedmikráska, o.p.s.;14063023;[];;;;;;7;2025-06-30T13:45:00Z;2025-08-20T11:44:38Z;False;Zlínský kraj;;;;;;Zlín Region;;;Czechia;Zlín Region, Czechia;225;;;25853708 ;;;;;;;;;;;"{""value"": ""Czech republic"", ""subpremise"": null, ""street_number"": null, ""route"": null, ""sublocality"": null, ""locality"": null, ""admin_area_level_1"": null, ""admin_area_level_2"": null, ""country"": ""Czechia"", ""postal_code"": null, ""formatted_address"": ""Czechia""}";;;14063023;;;208;14063023;;315;;;;;;9PQLFD;;;;
5068;27441253;ponechat;merge;0;1;3;Soukr. osm. gymn. DINO-H. SCHOOL s.r.o.;11629944;[];;;;;;7;2021-07-16T12:47:57Z;2025-11-12T15:41:48Z;False;Bellova,352/;;;Bellova;Praha-Petrovice;;Hlavní město Praha;Hlavní město Praha;109 00;Czechia;Bellova 352, 109 00 Praha-Petrovice, Czechia;226;;;27441253;;25;;info@dinoskola.cz;;;;;;;"{""value"": ""Czechia"", ""subpremise"": """", ""street_number"": """", ""route"": """", ""sublocality"": """", ""locality"": """", ""admin_area_level_1"": """", ""admin_area_level_2"": """", ""country"": ""Czechia"", ""postal_code"": """", ""formatted_address"": ""Czechia""}";;;12795779;http://www.dinoskola.cz;;;;"777 629 837 ;240200080";;;;;;;;;128;;
39221;27441253;sloucit;merge;0;1;1;Královské gymnázium Petrovice s.r.o.;12795779;[];;;;;;7;2025-05-01T08:56:53Z;2026-05-28T09:49:23Z;False;;;;;;;;;;;;225;;;27441253;;25;;;;;;;;;"{""value"": ""Czech republic"", ""subpremise"": null, ""street_number"": null, ""route"": null, ""sublocality"": null, ""locality"": null, ""admin_area_level_1"": null, ""admin_area_level_2"": null, ""country"": ""Česko"", ""postal_code"": null, ""formatted_address"": ""Česko""}";;;12795779;;;208;12795779;;315;;;;;iveta@vividbooks.com;4CRLLD;;;;
2465;28431634;ponechat;merge;0;6;1;Victoria School, s.r.o., ZŠ a MŠ – Oplanská 2339, Praha 9 - Újezd nad Lesy;11629944;[140];;;;;;7;2021-05-17T13:00:00Z;2026-07-28T07:20:35Z;False;Oplanská 2339, Praha 9 - Újezd nad Lesy;;;;;;;;;;;226;[205];;28431634;[288];24;31276;reditel@victoria-school.cz;;[347];;;371;91;"{""value"": ""Czech republic"", ""subpremise"": null, ""street_number"": null, ""route"": null, ""sublocality"": null, ""locality"": null, ""admin_area_level_1"": null, ""admin_area_level_2"": null, ""country"": ""Česko"", ""postal_code"": null, ""formatted_address"": ""Česko""}";;;12795779;http://www.victoria-school.cz;;208;;604434690;;;;386;;iveta@vividbooks.com;F7ZRZ7;;160;;69
24960;28431634;sloucit;merge;1;4;4;Victoria School, s.r.o., ZŠ a MŠ – Oplanská 2339, Praha 9 - Újezd nad Lesy;11629944;[140];;;;;;7;2023-04-28T14:40:51Z;2026-08-22T09:56:47Z;False;Oplanská 2339, Praha 9, 190 16;;2339;Oplanská;Praha 21;;Hlavní město Praha;Hlavní město Praha;190 16;Czechia;Oplanská 2339, 190 16 Praha 21, Czechia;226;;;28431634;[288];24;;reditel@victoria-school.cz;;[347];;;;91;"{""value"": ""Czech republic"", ""subpremise"": null, ""street_number"": null, ""route"": null, ""sublocality"": null, ""locality"": null, ""admin_area_level_1"": null, ""admin_area_level_2"": null, ""country"": ""Czechia"", ""postal_code"": null, ""formatted_address"": ""Czechia""}";;;12795779;https://www.victoria-school.cz/;;208;;604434690;;;;;;iveta@vividbooks.com;F7ZRZ7;;160;;69
28160;28827147;ponechat;easy;0;2;1;Mateřská škola a Základní škola Na cestě, s.r.o.;18026774;[];;;;;;7;2024-08-26T20:22:57Z;2026-05-15T12:58:16Z;False;Pardubický kraj;;;;;;Pardubice Region;;;Czechia;Pardubice Region, Czechia;226;;;288 27 147;;24;;;;;;;;;"{""value"": ""Czechia"", ""subpremise"": """", ""street_number"": """", ""route"": """", ""sublocality"": """", ""locality"": """", ""admin_area_level_1"": """", ""admin_area_level_2"": """", ""country"": ""Czechia"", ""postal_code"": """", ""formatted_address"": ""Czechia""}";;;12116814;https://www.mszsnaceste.cz/;;208;18026774;;315;;;;;jiri@vividbooks.com;VDMNWY;;;;
34257;28827147;sloucit;easy;0;0;0;MŠ a ZŠ Na cestě, s.r.o. – Husova 168, Pardubice;11629944;[];;;;;;7;2024-10-23T09:19:53Z;2024-11-15T01:00:40Z;False;Husova 168, Pardubice;;;;;;Pardubický kraj;;;;;226;;;28827147;;24;;info@mszsnaceste.cz;;;;;;23;"{""value"": ""Czechia"", ""subpremise"": """", ""street_number"": """", ""route"": """", ""sublocality"": """", ""locality"": """", ""admin_area_level_1"": """", ""admin_area_level_2"": """", ""country"": ""Czechia"", ""postal_code"": """", ""formatted_address"": ""Czechia""}";;;;;;;;731420340;;;;;;;;;23;;0
2841;28895410;ponechat;merge;0;5;3;Základní škola Wonderland Academy s.r.o. – U Školky 880, Praha 4 - Šeberov;11629944;[];;;;;;7;2021-05-17T13:02:05Z;2026-02-24T07:05:10Z;False;U Školky 880, Praha 4 - Šeberov;;;;;;Hlavní město Praha;;;;;226;;;28895410;;24;2341;hajian@wonderlandacademy.cz;;;;;;198;"{""value"": ""Czech republic"", ""subpremise"": null, ""street_number"": null, ""route"": null, ""sublocality"": null, ""locality"": null, ""admin_area_level_1"": null, ""admin_area_level_2"": null, ""country"": ""Czechia"", ""postal_code"": null, ""formatted_address"": ""Czechia""}";;;12795779;http://www.english-wonderland.cz;;208;12795779;774988101;315;;;;;iveta@vividbooks.com;XCKDG6;;269;;71
39588;28895410;sloucit;merge;0;0;1;Základní škola Wonderland Academy s.r.o.;12795779;[];;;;;;7;2026-01-07T10:05:41Z;2026-01-21T07:12:33Z;False;Hlavní město Praha;;;;;Prague;Prague;Hlavní město Praha;;Czechia;Prague, Czechia;225;;; 28895410;;;;;;;;;;;"{""value"": ""Czech republic"", ""subpremise"": null, ""street_number"": null, ""route"": null, ""sublocality"": null, ""locality"": null, ""admin_area_level_1"": null, ""admin_area_level_2"": null, ""country"": ""Czechia"", ""postal_code"": null, ""formatted_address"": ""Czechia""}";;;;;;208;;;;;;;;;XCKDG6;;;;
3483;29828066;ponechat;merge;0;16;7;Základní škola – nám. Komenského 950, Hluk;11629944;[5];;;;;;7;2021-05-17T13:05:53Z;2026-08-31T06:58:16Z;False;nám. Komenského 950, Hluk;;;;;;Zlínský kraj;;;;;226;[205];;29828066 ;[288];24;2977;zshluk@uhedu.cz;;[347];;;371;204;"{""value"": ""Czech republic"", ""subpremise"": null, ""street_number"": null, ""route"": null, ""sublocality"": null, ""locality"": null, ""admin_area_level_1"": null, ""admin_area_level_2"": null, ""country"": ""Czechia"", ""postal_code"": null, ""formatted_address"": ""Czechia""}";;;14063023;https://www.zshluk.cz/;;208;14063023;572581309;315;;;;;eva.b@vividbooks.com;5S42MF;;336;;132
39839;29828066;sloucit;merge;0;1;2;Základní škola a Mateřská škola Hluk, příspěvková organizace;11629944;[5];;;;;;7;2026-08-14T12:42:33Z;2026-08-31T14:51:05Z;False;nám. Komenského 950, 68725 Hluk;;;náměstí Komenského;;;Zlínský kraj;Uherské Hradiště;687 25;Czechia;nám. Komenského 950, 687 25 Hluk, Czechia;226;[205];;29828066;;;;;;[347];;;;;"{""value"": ""Czech republic"", ""subpremise"": null, ""street_number"": null, ""route"": null, ""sublocality"": null, ""locality"": null, ""admin_area_level_1"": null, ""admin_area_level_2"": null, ""country"": ""Česko"", ""postal_code"": null, ""formatted_address"": ""Česko""}";;;14063023;;;208;;;;;;;;eva.b@vividbooks.com;;;;;
4392;42727537;ponechat;easy;2;5;14;Základní škola – náměstí Komenského 35, Dobříš;11629944;[5];;;;;;7;2021-05-17T13:11:18Z;2026-09-07T14:09:05Z;False;náměstí Komenského 35, Dobříš;;;;;;Středočeský kraj;;;;;226;[205];;42727537;[289];24;3880;skola@zsdobris.cz;;;;;371;391;"{""value"": ""Czech republic"", ""subpremise"": null, ""street_number"": null, ""route"": null, ""sublocality"": null, ""locality"": null, ""admin_area_level_1"": null, ""admin_area_level_2"": null, ""country"": ""Czechia"", ""postal_code"": null, ""formatted_address"": ""Czechia""}";2028-06-29;;12116814;http://www.zsdobris.cz;;208;18026774;318521070;315;;[269, 270, 272];;;jiri@vividbooks.com;98PE9T;;660;;269
39726;42727537;sloucit;easy;0;0;0;Základní škola Dobříš, Komenského nám. 35, okres Příbram;18026774;[];;;;;;7;2026-03-18T08:54:58Z;2026-03-19T01:00:20Z;False;Středočeský kraj;;;;;;Central Bohemian Region;;;Czechia;Central Bohemian Region, Czechia;225;;;42727537;;;;;;;;;;;"{""value"": ""Czech Republic"", ""subpremise"": """", ""street_number"": """", ""route"": """", ""sublocality"": """", ""locality"": """", ""admin_area_level_1"": """", ""admin_area_level_2"": """", ""country"": ""Czechia"", ""postal_code"": """", ""formatted_address"": ""Czechia""}";;;;;;;;;;;;;;;;;;;
6835;43256791;ponechat;merge;0;5;5;ZŠ Tanvald, příspěvková organizace – Školní 416, Tanvald;11629944;[140];;;;;;7;2021-10-18T08:38:44Z;2026-05-04T09:55:14Z;False;Školní 416, Tanvald;;;;;;Liberecký kraj;;;;;226;[205];;43256791;[289];24;5517;po.box@mzstanvald.cz;;;;;;182;"{""value"": ""Czechia"", ""subpremise"": """", ""street_number"": """", ""route"": """", ""sublocality"": """", ""locality"": """", ""admin_area_level_1"": """", ""admin_area_level_2"": """", ""country"": ""Czechia"", ""postal_code"": """", ""formatted_address"": ""Czechia""}";;;12795779;https://www.mzstanvald.cz/;;208;18026774;483394345;315;;[269];;;iveta@vividbooks.com;3FZ9F5;;282;;100
37941;43256791;sloucit;merge;1;3;1;Masarykova základní škola Tanvald, příspěvková organizace;11629944;[5];;;;;;7;2025-01-29T08:51:48Z;2026-05-20T15:03:46Z;False;;;;;;;;;;;;226;[205];;43256791;[289];24;8394;reditelka@mzstanvald.cz;;;;;371;;"{""value"": ""Czechia"", ""subpremise"": """", ""street_number"": """", ""route"": """", ""sublocality"": """", ""locality"": """", ""admin_area_level_1"": """", ""admin_area_level_2"": """", ""country"": ""Czechia"", ""postal_code"": """", ""formatted_address"": ""Czechia""}";2028-02-28;;12795779;;;208;12795779;734321878;315;;[269];386;;iveta@vividbooks.com;BTKG2B;;;;
4387;44226233;sloucit;merge;1;3;9;Základní škola a Mateřská škola – SNP 2304/6, Ústí nad Labem;11629944;[5];;;;;;7;2021-05-17T13:11:17Z;2026-09-05T14:44:30Z;False;SNP 2304/6, Ústí nad Labem;;;;;;Ústecký kraj;;;;;226;[205];;44226233;[288];24;15272;zssnp6@zssnp6.cz;;;;;;315;"{""value"": ""Czech republic"", ""subpremise"": null, ""street_number"": null, ""route"": null, ""sublocality"": null, ""locality"": null, ""admin_area_level_1"": null, ""admin_area_level_2"": null, ""country"": ""Česko"", ""postal_code"": null, ""formatted_address"": ""Česko""}";;;12795779;http://www.zssnp6.cz;;208;12795779;472773977;;;;;;iveta@vividbooks.com;FKGAVP;;615;;300
36948;44226233;ponechat;merge;1;4;4;Základní škola a Mateřská škola Ústí nad Labem, SNP 2304/6, příspěvková organizace;12795779;[5];;;;;;7;2024-11-15T06:49:06Z;2026-08-27T06:37:52Z;False;Ústecký kraj;;;;;;Ústí nad Labem Region;;;Czechia;Ústí nad Labem Region, Czechia;226;[205];;44226233;[289];24;3875;;;;;;;;"{""value"": ""Czech republic"", ""subpremise"": null, ""street_number"": null, ""route"": null, ""sublocality"": null, ""locality"": null, ""admin_area_level_1"": null, ""admin_area_level_2"": null, ""country"": ""Czechia"", ""postal_code"": null, ""formatted_address"": ""Czechia""}";;;12795779;https://www.zssnp6.cz/vedeni-skoly/;;208;12795779;;315;;[269, 270, 271, 272];386;;iveta@vividbooks.com;FKGAVP;;;;
36950;44226233;sloucit;merge;0;0;1;ZŚ a MŚ Ústí nad Labem, SNP 2304/6;12795779;[];;;;;;7;2024-11-15T06:55:36Z;2026-05-15T05:29:08Z;False;Ústecký kraj;;;;;;Ústí nad Labem Region;;;Czechia;Ústí nad Labem Region, Czechia;225;;;44226233;;24;;;;;;;;;"{""value"": ""Czech republic"", ""subpremise"": null, ""street_number"": null, ""route"": null, ""sublocality"": null, ""locality"": null, ""admin_area_level_1"": null, ""admin_area_level_2"": null, ""country"": ""Czechia"", ""postal_code"": null, ""formatted_address"": ""Czechia""}";;;12795779;;;208;12795779;;315;;;;;iveta@vividbooks.com;DXHKYY;;;180;
3992;44553145;ponechat;merge;0;2;6;Základní škola – Rabasova 3282/3, Ústí nad Labem;11629944;[];;;;;;7;2021-05-17T13:08:53Z;2026-08-21T06:25:51Z;False;Rabasova 3282/3, Severní Terasa, 40011 Ústí nad Labem;;3;Rabasova;Ústí nad Labem-Severní Terasa;;Ústecký kraj;Ústí nad Labem;400 11;Czechia;Rabasova 3282/3, 400 11 Ústí nad Labem-Severní Terasa, Czechia;226;;;44553145;;24;3481;info@zsrabasova.cz;;;;;;229;"{""value"": ""Czechia"", ""subpremise"": """", ""street_number"": """", ""route"": """", ""sublocality"": """", ""locality"": """", ""admin_area_level_1"": """", ""admin_area_level_2"": """", ""country"": ""Czechia"", ""postal_code"": """", ""formatted_address"": ""Czechia""}";;;18026796;http://www.zsrabasova.cz;;;;725596898;;;;;;iveta@vividbooks.com;;;443;;214
37607;44553145;sloucit;merge;0;0;1;Zš Rabasova;12795779;[];;;;;;7;2025-01-08T20:31:07Z;2026-05-25T10:07:52Z;False;Ústecký kraj;;;;;;Ústí nad Labem Region;;;Czechia;Ústí nad Labem Region, Czechia;225;;;44553145;;24;;;;;;;;;"{""value"": ""Czech republic"", ""subpremise"": null, ""street_number"": null, ""route"": null, ""sublocality"": null, ""locality"": null, ""admin_area_level_1"": null, ""admin_area_level_2"": null, ""country"": ""Czechia"", ""postal_code"": null, ""formatted_address"": ""Czechia""}";;;12795779;;;208;12795779;;315;;;;;;HTW9SJ;;;180;
4814;44991665;ponechat;easy;1;6;9;AKADEMIA Gy, ZŠ a MŠ, s.r.o. – Rašelinová 2433/11, Brno;11629944;[5];;;;;;7;2021-07-16T12:46:28Z;2026-08-26T12:55:00Z;False;Rašelinová 2433/11, Brno;;;;;;Jihomoravský kraj;;;;;226;[205];;44991665;;24;15698;akademy@akademy.cz;;[346, 348];;;;42;"{""value"": ""Czech republic"", ""subpremise"": null, ""street_number"": null, ""route"": null, ""sublocality"": null, ""locality"": null, ""admin_area_level_1"": null, ""admin_area_level_2"": null, ""country"": ""Czechia"", ""postal_code"": null, ""formatted_address"": ""Czechia""}";;;14063023;http://www.akademy.cz;;208;14063023;544211547;315;;;;;eva.b@vividbooks.com;FZQKHS;;42;;0
39723;44991665;sloucit;easy;0;0;0;AKADEMIA Gymnázium, Základní škola a Mateřská škola, s.r.o.;14063023;[];;;;;;7;2026-03-07T10:21:51Z;2026-03-09T08:57:13Z;False;Jihomoravský kraj;;;;;;South Moravian Region;;;Czechia;South Moravian Region, Czechia;225;;; 44991665;;;;;;;;;;;"{""value"": ""Czech republic"", ""subpremise"": null, ""street_number"": null, ""route"": null, ""sublocality"": null, ""locality"": null, ""admin_area_level_1"": null, ""admin_area_level_2"": null, ""country"": ""Czechia"", ""postal_code"": null, ""formatted_address"": ""Czechia""}";;;;;;208;;;;;;;;;J7SRUL;;;;
3855;45238782;ponechat;merge;3;6;11;Základní škola – Jungmannova 655/2, Litovel;11629944;[5];;;;;;7;2021-05-17T13:08:05Z;2026-09-03T01:00:35Z;False;Jungmannova 655/2, Litovel;;;;;;Olomoucký kraj;;;;;226;[205];;45238782;[288, 289];24;3344;hrachovcova@zsjl.cz;;[347];;;;219;"{""value"": ""Czech republic"", ""subpremise"": null, ""street_number"": null, ""route"": null, ""sublocality"": null, ""locality"": null, ""admin_area_level_1"": null, ""admin_area_level_2"": null, ""country"": ""Czechia"", ""postal_code"": null, ""formatted_address"": ""Czechia""}";2027-01-30;;14063023;http://www.zsjl.cz;;208;14063023;585100440;315;;[269, 270];;;eva.b@vividbooks.com;VRDAJK;;421;;202
39739;45238782;sloucit;merge;0;0;1;Základní škola Litovel, Jungmannova 655, okres Olomouc;14063023;[];;;;;;7;2026-04-07T17:07:52Z;2026-05-12T06:36:18Z;False;Olomoucký kraj;;;;;;Olomouc Region;;;Czechia;Olomouc Region, Czechia;225;;;CZ45238782;;;;;;;;;;;"{""value"": ""Czech Republic"", ""subpremise"": """", ""street_number"": """", ""route"": """", ""sublocality"": """", ""locality"": """", ""admin_area_level_1"": """", ""admin_area_level_2"": """", ""country"": ""Czechia"", ""postal_code"": """", ""formatted_address"": ""Czechia""}";;;;;;;;;;;;;;;;;;;
38100;46747885;sloucit;merge;0;1;1;Technická univerzita Liberec;18026774;[];;;;;;7;2025-02-04T21:13:36Z;2026-05-13T06:27:55Z;False;Liberecký kraj;;;;;;Liberec Region;;;Czechia;Liberec Region, Czechia;225;;;46747885;;304;;;;;;;;;"{""value"": ""Czech republic"", ""subpremise"": null, ""street_number"": null, ""route"": null, ""sublocality"": null, ""locality"": null, ""admin_area_level_1"": null, ""admin_area_level_2"": null, ""country"": ""Czechia"", ""postal_code"": null, ""formatted_address"": ""Czechia""}";;;18026774;;;208;18026774;;315;;;;;;Y8UAPY;;;;
39525;46747885;ponechat;merge;0;2;1;Fakulta přírodovědně-humanitní a pedagogická Univerzitní náměstí 1410/1 (budova G) Liberec 460 01 Česká republika;12116814;[5];;;;;;7;2025-10-21T10:17:13Z;2026-05-19T19:38:34Z;False;;;;;;;;;;;;225;[205];;46747885;[288];;;;;[347];;;;;"{""value"": ""Czech republic"", ""subpremise"": null, ""street_number"": null, ""route"": null, ""sublocality"": null, ""locality"": null, ""admin_area_level_1"": null, ""admin_area_level_2"": null, ""country"": ""Czechia"", ""postal_code"": null, ""formatted_address"": ""Czechia""}";;;12116814;;;208;;;;;;;;jiri@vividbooks.com;Y8UAPY;;;;
8557;46773495;ponechat;easy;0;1;1;Střední škola pedagogická, hotelnictví a služeb, Litoměřice příspěvková organizace;11629944;[];;;;;;7;2022-11-02T06:12:39Z;2024-11-29T11:09:11Z;False;Komenského 754/3, 412 01 Litoměřice, Česko;3;754;Komenského;Předměstí;Litoměřice;Ústecký kraj;Litoměřice;412 01;Česko;3, Komenského 754, 412 01 Litoměřice-Předměstí, Česko;226;;;467 73 495 ;;212;;;;;;;;;"{""value"": ""Czechia"", ""subpremise"": """", ""street_number"": """", ""route"": """", ""sublocality"": """", ""locality"": """", ""admin_area_level_1"": """", ""admin_area_level_2"": """", ""country"": ""Czechia"", ""postal_code"": """", ""formatted_address"": ""Czechia""}";;;;https://sslitomerice.cz/index.php;;208;;;;;;;;;;;;;
9022;46773495;sloucit;easy;0;0;0;SŠ pedagogická, hotelnictví a služeb;11629944;[];;;;;;7;2023-01-17T17:26:33Z;2024-11-14T01:00:28Z;False;Komenského 754/3;754;3;Komenského;;Litoměřice;Ústecký kraj;Litoměřice;412 01;Czechia;754, Komenského 3, 412 01 Litoměřice, Czechia;226;;;46773495;;221;;spgs.ltm@iol.cz;;;Klempíř;;;;"{""value"": ""Czechia"", ""subpremise"": """", ""street_number"": """", ""route"": """", ""sublocality"": """", ""locality"": """", ""admin_area_level_1"": """", ""admin_area_level_2"": """", ""country"": ""Czechia"", ""postal_code"": """", ""formatted_address"": ""Czechia""}";;;;http://www.sslitomerice.cz;;;;416 574 881;;;;;;;;;11;;
4199;46773592;ponechat;merge;1;2;5;Základní škola a mateřská škola – Školní 1803, Roudnice nad Labem;11629944;[];;;;;;7;2021-05-17T13:10:09Z;2026-08-28T06:28:05Z;False;Školní 1803, Roudnice nad Labem;;;;;;Ústecký kraj;;;;;226;;;46773592;;24;3688;vedeni@zsskolni-rce.cz;;;;;;303;"{""value"": ""Czech republic"", ""subpremise"": null, ""street_number"": null, ""route"": null, ""sublocality"": null, ""locality"": null, ""admin_area_level_1"": null, ""admin_area_level_2"": null, ""country"": ""Česko"", ""postal_code"": null, ""formatted_address"": ""Česko""}";;;12795779;http://www.zsskolni-rce.cz;;208;11629944;412871206;315;;;;;iveta@vividbooks.com;;;546;;243
39581;46773592;sloucit;merge;0;1;1;Základní škola a mateřská škola Roudnice nad Labem, Školní 1803;12795779;[];;;;;;7;2025-12-18T05:01:08Z;2026-02-23T14:41:11Z;False;Ústecký kraj;;;;;;Ústí nad Labem Region;;;Czechia;Ústí nad Labem Region, Czechia;225;;;	46773592;;;;;;;;;;;"{""value"": ""Czech republic"", ""subpremise"": null, ""street_number"": null, ""route"": null, ""sublocality"": null, ""locality"": null, ""admin_area_level_1"": null, ""admin_area_level_2"": null, ""country"": ""Czechia"", ""postal_code"": null, ""formatted_address"": ""Czechia""}";;;;;;208;;;;;;;;iveta@vividbooks.com;LBREBQ;;;;
4262;46773614;ponechat;merge;0;8;9;Základní škola – Karla Jeřábka 941, Roudnice nad Labem;11629944;[5];;;;;;7;2021-05-17T13:10:31Z;2026-08-28T01:01:02Z;False;Karla Jeřábka 941, Roudnice nad Labem;;;;;;Ústecký kraj;;;;;226;[205];;46773614;[288];24;3750;vedeni@zskjerabka-rce.cz;;[346];;;;297;"{""value"": ""Czech republic"", ""subpremise"": null, ""street_number"": null, ""route"": null, ""sublocality"": null, ""locality"": null, ""admin_area_level_1"": null, ""admin_area_level_2"": null, ""country"": ""Czechia"", ""postal_code"": null, ""formatted_address"": ""Czechia""}";;;12795779;http://www.zskjerabka-rce.cz;;208;12795779;416837087;315;;;;;iveta@vividbooks.com;KG3GX3;;569;;272
36714;46773614;sloucit;merge;0;3;6;Základní škola Roudnice nad Labem, Karla Jeřábka 941, okres Litoměřice;12795779;[];;;;;;7;2024-11-07T05:12:30Z;2026-08-27T07:07:54Z;False;Ústecký kraj;;;;;;Ústí nad Labem Region;;;Czechia;Ústí nad Labem Region, Czechia;226;;;46773614 ;;24;;;;;;;;;"{""value"": ""Czech republic"", ""subpremise"": null, ""street_number"": null, ""route"": null, ""sublocality"": null, ""locality"": null, ""admin_area_level_1"": null, ""admin_area_level_2"": null, ""country"": ""Czechia"", ""postal_code"": null, ""formatted_address"": ""Czechia""}";;;12795779;;;208;12795779;;315;;;;;iveta@vividbooks.com;KG3GX3;;;;
2533;46773703;ponechat;merge;0;3;3;Základní škola a Mateřská škola – č.p. 170, Velemín;11629944;[];;;;;;7;2021-05-17T13:00:24Z;2026-01-23T07:52:59Z;False;č.p. 170, Velemín;;;;;;;;;;;226;;;46773703;;24;2033;reditelka.zsvelemin@seznam.cz;;;;;;87;"{""value"": ""Czechia"", ""subpremise"": """", ""street_number"": """", ""route"": """", ""sublocality"": """", ""locality"": """", ""admin_area_level_1"": """", ""admin_area_level_2"": """", ""country"": ""Czechia"", ""postal_code"": """", ""formatted_address"": ""Czechia""}";;;12795779;http://www.zs-velemin.cz;;208;;603516450;;;;;;iveta@vividbooks.com;XT8GKP;;161;;74
32109;46773703;sloucit;merge;0;1;4;Základní škola a Mateřská škola – č.p. 170, Velemín;12795779;[];;;;;;7;2024-10-14T15:10:40Z;2026-09-03T17:14:20Z;False;č.p. 170, Velemín;;;;;Velemín;Ústecký kraj;Litoměřice;411 31;Czechia;Velemín 170, 411 31 Velemín, Czechia;226;;;46773703;;24;;reditelka.zsvelemin@seznam.cz;;;;;;87;"{""value"": ""Czech republic"", ""subpremise"": null, ""street_number"": null, ""route"": null, ""sublocality"": null, ""locality"": null, ""admin_area_level_1"": null, ""admin_area_level_2"": null, ""country"": ""Czechia"", ""postal_code"": null, ""formatted_address"": ""Czechia""}";;;12795779;;;208;12795779;603516450;315;;;;;;XT8GKP;;161;;74
3792;47274743;ponechat;merge;0;2;2;Základní škola a Mateřská škola – Školní 1544/5, Děčín;11629944;[];;;;;;7;2021-05-17T13:07:43Z;2026-03-23T10:44:34Z;False;Školní 1544/5, Děčín;;;;;;;;;;;226;;;47274743;;24;10834;skola@zszelenice.cz;;;;;;178;"{""value"": ""Czechia"", ""subpremise"": """", ""street_number"": """", ""route"": """", ""sublocality"": """", ""locality"": """", ""admin_area_level_1"": """", ""admin_area_level_2"": """", ""country"": ""Czechia"", ""postal_code"": """", ""formatted_address"": ""Czechia""}";;;;www.zszelenice.cz;;208;;775865666;;;;;;iveta@vividbooks.com;JGHCYS;;322;;144
36151;47274743;sloucit;merge;0;0;1;Základní škola a Mateřská škola – Školní 1544/5, Děčín;12795779;[];;;;;;7;2024-10-26T10:02:50Z;2026-05-25T09:55:19Z;False;Školní 1544/5, Děčín;;5;Školní;;;Ústecký kraj;Okres Děčín;405 02;Czechia;Školní 1544/5, Letná, 405 02 Děčín-Děčín 2, Czechia;226;;;47274743;;24;;skola@zszelenice.cz;;;;;;178;"{""value"": ""Czechia"", ""subpremise"": """", ""street_number"": """", ""route"": """", ""sublocality"": """", ""locality"": """", ""admin_area_level_1"": """", ""admin_area_level_2"": """", ""country"": ""Czechia"", ""postal_code"": """", ""formatted_address"": ""Czechia""}";;;12795779;;;208;12795779;775865666;315;;;;;;JGHCYS;;322;;144
4002;47324180;ponechat;merge;0;3;3;Základní škola – J. A. Komenského 474/22, Most;11629944;[];;;;;;7;2021-05-17T13:08:56Z;2026-07-16T10:35:24Z;False;J. A. Komenského 474/22, Most;;;;;;Ústecký kraj;;;;;226;;;47324180;;24;3491;skola@mostzs15.cz;;;;;;251;"{""value"": ""Czech republic"", ""subpremise"": null, ""street_number"": null, ""route"": null, ""sublocality"": null, ""locality"": null, ""admin_area_level_1"": null, ""admin_area_level_2"": null, ""country"": ""Czechia"", ""postal_code"": null, ""formatted_address"": ""Czechia""}";;;12795779;http://www.mostzs15.cz, https://www.mostzs15.cz/zakladni-skola/kontakty;;208;12795779;603839532;315;;;;;iveta@vividbooks.com;D6TT9Z;;458;;207
39755;47324180;sloucit;merge;0;1;1;Základní škola, Most, J. A. Komenského 474, příspěvková organizace;12795779;[];;;;;;7;2026-04-15T18:25:12Z;2026-06-23T10:55:07Z;False;Ústecký kraj;;;;;;Ústí nad Labem Region;;;Czechia;Ústí nad Labem Region, Czechia;225;;;47324180 ;;;;;;;;;;;"{""value"": ""Czech republic"", ""subpremise"": null, ""street_number"": null, ""route"": null, ""sublocality"": null, ""locality"": null, ""admin_area_level_1"": null, ""admin_area_level_2"": null, ""country"": ""Czechia"", ""postal_code"": null, ""formatted_address"": ""Czechia""}";;;;;;208;;;;;;;;;D6TT9Z;;;;
2283;47443936;ponechat;merge;1;2;2;Základní škola – Cyrilometodějská 42/22, Třebíč;11629944;[];;;;;;7;2021-05-17T12:58:57Z;2025-11-14T10:30:28Z;False;Cyrilometodějská 42/22, Třebíč;;;;;;Kraj Vysočina;;;;;226;;;47443936;;24;1786;specskoly@volny.cz;;;;;371;49;"{""value"": ""Czech republic"", ""subpremise"": null, ""street_number"": null, ""route"": null, ""sublocality"": null, ""locality"": null, ""admin_area_level_1"": null, ""admin_area_level_2"": null, ""country"": ""Česko"", ""postal_code"": null, ""formatted_address"": ""Česko""}";;;14063023;www.specskolytrebic.cz;;208;14063023;568821496;315;;;;;eva.b@vividbooks.com;MAZ3DQ;;98;;49
39225;47443936;sloucit;merge;0;1;1;Základní škola Třebíč, Cyrilometodějská 22;12116814;[];;;;;;7;2025-05-04T22:00:51Z;2026-05-21T12:10:58Z;False;Kraj Vysočina;;;;;;Vysočina Region;;;Czechia;Vysočina Region, Czechia;226;;;	47443936;;24;;;;;;;;;"{""value"": ""Czech republic"", ""subpremise"": null, ""street_number"": null, ""route"": null, ""sublocality"": null, ""locality"": null, ""admin_area_level_1"": null, ""admin_area_level_2"": null, ""country"": ""Czechia"", ""postal_code"": null, ""formatted_address"": ""Czechia""}";;;12116814;;;208;12116814;;315;;;;;jiri@vividbooks.com;S7L2ZE;;;;
4557;47611863;sloucit;merge;0;5;13;Základní škola – Květnového vítězství 1554/54, Praha 4 - Chodov;11629944;[];;;;;;7;2021-05-17T13:12:17Z;2026-09-04T18:58:47Z;False;Květnového vítězství 1554/54, Chodov, 14900 Praha 4;;54;Květnového vítězství;Praha 11;;Hlavní město Praha;Hlavní město Praha;149 00;Czechia;Květnového vítězství 1554/54, 149 00 Praha 11-Chodov, Czechia;226;;;47611863;;24;4043;pavel.kopecny@kvetnak.cz;;;;;;657;"{""value"": ""Czech republic"", ""subpremise"": null, ""street_number"": null, ""route"": null, ""sublocality"": null, ""locality"": null, ""admin_area_level_1"": null, ""admin_area_level_2"": null, ""country"": ""Czechia"", ""postal_code"": null, ""formatted_address"": ""Czechia""}";;;11629944;http://www.kvetnak.cz;;208;11629944;267227511;315;;;;;iveta@vividbooks.com;PBBKJJ;;1073;;416
27932;47611863;ponechat;merge;2;8;4;Základní škola – Květnového vítězství 1554/54, Praha 4 - Chodov;12795779;[5];;;;;;7;2024-08-04T14:51:34Z;2026-06-24T04:36:41Z;False;Květnového vítězství 1554/54, Praha 4 - Chodov;;54;Květnového vítězství;Praha 11;;Hlavní město Praha;Hlavní město Praha;149 00;Czechia;Květnového vítězství 1554/54, 149 00 Praha 11-Chodov, Czechia;226;[205];;47611863;[288];24;;pavel.kopecny@kvetnak.cz;;;;;;657;"{""value"": ""Czech republic"", ""subpremise"": null, ""street_number"": null, ""route"": null, ""sublocality"": null, ""locality"": null, ""admin_area_level_1"": null, ""admin_area_level_2"": null, ""country"": ""Czechia"", ""postal_code"": null, ""formatted_address"": ""Czechia""}";;;12795779;;;208;12795779;267227511;315;;;;;iveta@vividbooks.com;PBBKJJ;;1073;;416
3717;47611928;ponechat;merge;1;8;3;Základní škola a mateřská škola – Na Smetance 505/1, Praha 2 - Vinohrady;11629944;[5];;;;;;7;2021-05-17T13:07:15Z;2026-09-02T07:35:38Z;False;Na Smetance 505/1, Praha 2 - Vinohrady;;;;;;Hlavní město Praha;;;;;226;[205];;47611928;[289];24;12267;skola@nasmetance.cz;;;;;371;248;"{""value"": ""Czechia"", ""subpremise"": """", ""street_number"": """", ""route"": """", ""sublocality"": """", ""locality"": """", ""admin_area_level_1"": """", ""admin_area_level_2"": """", ""country"": ""Czechia"", ""postal_code"": """", ""formatted_address"": ""Czechia""}";2027-02-07;;12795779;www.nasmetance.cz;;208;12795779;222250799;315;;[269, 270];386;;iveta@vividbooks.com;X967QD;;424;;176
39961;47611928;sloucit;merge;0;0;1;ZŠ a MŠ, Praha 2, Na Smetance 1;11629944;[];;;;;;7;2026-09-01T11:44:13Z;2026-09-05T13:49:26Z;False;;;;;;;;;;;;226;;;47611928;;;;;;;;;;;"{""value"": ""Czech republic"", ""subpremise"": null, ""street_number"": null, ""route"": null, ""sublocality"": null, ""locality"": null, ""admin_area_level_1"": null, ""admin_area_level_2"": null, ""country"": ""Česko"", ""postal_code"": null, ""formatted_address"": ""Česko""}";;;;;;208;;;;;;;;;X967QD;;;180;
4562;47657022;ponechat;easy;1;4;19;Základní škola – Heyrovského 460/33, Olomouc;11629944;[];;;;;;7;2021-05-17T13:12:20Z;2026-09-04T12:42:38Z;False;Heyrovského 460/33, Olomouc;;;;;;Olomoucký kraj;;;;;226;;;47657022;;24;4048;heyrak@volny.cz;;;;;371;541;"{""value"": ""Czech republic"", ""subpremise"": null, ""street_number"": null, ""route"": null, ""sublocality"": null, ""locality"": null, ""admin_area_level_1"": null, ""admin_area_level_2"": null, ""country"": ""Česko"", ""postal_code"": null, ""formatted_address"": ""Česko""}";;;14063023;http://www.zsheyrovskeho.cz;;208;14063023;585423697;315;;;;;eva.b@vividbooks.com;LF78HQ;;1023;;482
39706;47657022;sloucit;easy;0;0;0;Základní škola Olomouc, Heyrovského 33, příspěvková organizace;14063023;[];;;;;;7;2026-02-24T17:11:44Z;2026-08-31T12:09:27Z;False;Olomoucký kraj;;;;;;Olomouc Region;;;Czechia;Olomouc Region, Czechia;225;;;	47657022;;;;;;;;;;;"{""value"": ""Czech republic"", ""subpremise"": null, ""street_number"": null, ""route"": null, ""sublocality"": null, ""locality"": null, ""admin_area_level_1"": null, ""admin_area_level_2"": null, ""country"": ""Czechia"", ""postal_code"": null, ""formatted_address"": ""Czechia""}";;;;;;208;;;;;;;;;5AJZLZ;;;;
4441;47723505;ponechat;easy;1;7;7;Základní škola JIH – Komenského 459/1, Mariánské Lázně;11629944;[];;;;;;7;2021-05-17T13:11:36Z;2026-08-27T15:38:43Z;False;Komenského 459/1, 35301 Mariánské Lázně;1;12;Komenského;;;Karlovarský kraj;Cheb;353 01;Czechia;1, Komenského 459/12, 353 01 Mariánské Lázně-Mariánské Lázně 1, Czechia;226;;;47723505;;24;15425;sekretariat@skolajih.cz;44;;;;;403;"{""value"": ""Czech republic"", ""subpremise"": null, ""street_number"": null, ""route"": null, ""sublocality"": null, ""locality"": null, ""admin_area_level_1"": null, ""admin_area_level_2"": null, ""country"": ""Czechia"", ""postal_code"": null, ""formatted_address"": ""Czechia""}";;;18026774;http://www.skolajih.cz;;208;18026774;601358238;315;734633208;;;;gabriela@vividbooks.com;WS4BQS;;721;;318
39646;47723505;sloucit;easy;0;0;0;Základní škola JIH, Mariánské Lázně, Komenského 459, příspěvková organizace;18026774;[];;;;;;7;2026-02-06T05:06:24Z;2026-02-07T01:00:10Z;False;Karlovarský kraj;;;;;;Karlovy Vary Region;;;Czechia;Karlovy Vary Region, Czechia;225;;;47723505;;;;;;;;;;;"{""value"": ""Czech Republic"", ""subpremise"": """", ""street_number"": """", ""route"": """", ""sublocality"": """", ""locality"": """", ""admin_area_level_1"": """", ""admin_area_level_2"": """", ""country"": ""Czechia"", ""postal_code"": """", ""formatted_address"": ""Czechia""}";;;;;;;;;;;;;;;;;;;
4016;47813032;ponechat;easy;0;2;4;Základní škola – U Hřiště 1242/4, Opava;11629944;[];;;;;;7;2021-05-17T13:09:01Z;2026-05-13T09:10:04Z;False;U Hřiště 1242/4, Opava;;;;;;Moravskoslezský kraj;;;;;226;;;47813032;;24;3505;kancelar@zs-kylesovice.cz;;;;;;224;"{""value"": ""Czechia"", ""subpremise"": """", ""street_number"": """", ""route"": """", ""sublocality"": """", ""locality"": """", ""admin_area_level_1"": """", ""admin_area_level_2"": """", ""country"": ""Czechia"", ""postal_code"": """", ""formatted_address"": ""Czechia""}";;;14063023;http://www.zs-kylesovice.cz;;208;14063023;553613921;315;;;;;eva.b@vividbooks.com;88K99J;;461;;237
39664;47813032;sloucit;easy;0;0;0;Základní škola Opava-Kylešovice, příspěvková organizace;14063023;[];;;;;;7;2026-02-09T19:08:00Z;2026-02-10T07:21:40Z;False;Moravskoslezský kraj;;;;;;Moravian-Silesian Region;;;Czechia;Moravian-Silesian Region, Czechia;225;;;47813032 ;;;;;;;;;;;"{""value"": ""Czech republic"", ""subpremise"": null, ""street_number"": null, ""route"": null, ""sublocality"": null, ""locality"": null, ""admin_area_level_1"": null, ""admin_area_level_2"": null, ""country"": ""Czechia"", ""postal_code"": null, ""formatted_address"": ""Czechia""}";;;;;;208;;;;;;;;;VE99GZ;;;;
3944;48132926;ponechat;merge;0;3;2;Základní škola – Sázavská 830/5, Praha 2 - Vinohrady;11629944;[];;;;;;7;2021-05-17T13:08:35Z;2026-05-27T15:33:18Z;False;Sázavská 830/5, Praha 2 - Vinohrady;;;;;;Hlavní město Praha;;;;;226;;;48132926;;24;3433;sazavska@zssazavska.cz;;;;;;285;"{""value"": ""Czechia"", ""subpremise"": """", ""street_number"": """", ""route"": """", ""sublocality"": """", ""locality"": """", ""admin_area_level_1"": """", ""admin_area_level_2"": """", ""country"": ""Czechia"", ""postal_code"": """", ""formatted_address"": ""Czechia""}";;;12795779;http://www.zssazavska.cz;;208;18026796;277779637;315;;;;;iveta@vividbooks.com;WWSJ5U;;489;;204
36795;48132926;sloucit;merge;0;0;2;ZŠ Sázavská, Praha 2, Sázavská 5;12795779;[];;;;;;7;2024-11-07T18:42:42Z;2026-05-14T06:13:31Z;False;Hlavní město Praha;;;;;Prague;Prague;Hlavní město Praha;;Czechia;Prague, Czechia;225;;;48132926;;24;;;;;;;;;"{""value"": ""Czech republic"", ""subpremise"": null, ""street_number"": null, ""route"": null, ""sublocality"": null, ""locality"": null, ""admin_area_level_1"": null, ""admin_area_level_2"": null, ""country"": ""Czechia"", ""postal_code"": null, ""formatted_address"": ""Czechia""}";;;12795779;;;208;12795779;;315;;;;;;WWSJ5U;;;180;
4394;48133833;ponechat;merge;0;10;5;Základní škola a Mateřská škola – Bílá 1784/1, Praha 6 - Dejvice;11629944;[140];;;;;;7;2021-05-17T13:11:19Z;2026-08-24T14:19:10Z;False;Bílá 1784/1, Praha 6 - Dejvice;;;;;;;;;;;226;;;48133833;[288];24;18026;skola@zsbila.cz;;[345, 347];;;371;353;"{""value"": ""Czech republic"", ""subpremise"": null, ""street_number"": null, ""route"": null, ""sublocality"": null, ""locality"": null, ""admin_area_level_1"": null, ""admin_area_level_2"": null, ""country"": ""Czechia"", ""postal_code"": null, ""formatted_address"": ""Czechia""}";;;12795779;www.zsbila.cz;;208;12795779;222201903;315;;;386;;iveta@vividbooks.com;8ZH7R3;;648;;295
27558;48133833;sloucit;merge;0;0;2;Základní škola a Mateřská škola – Bílá 1784/1, Praha 6 - Dejvice;12795779;[];;;;;;7;2024-05-20T12:45:59Z;2026-05-18T13:03:31Z;False;Bílá 1784/1, Praha 6 - Dejvice;;1;Bílá;Praha 6;;Hlavní město Praha;Hlavní město Praha;160 00;Czechia;Bílá 1784/1, 160 00 Praha 6-Dejvice, Czechia;226;;;48133833;;24;;skola@zsbila.cz;;;;;;353;"{""value"": ""Czechia"", ""subpremise"": """", ""street_number"": """", ""route"": """", ""sublocality"": """", ""locality"": """", ""admin_area_level_1"": """", ""admin_area_level_2"": """", ""country"": ""Czechia"", ""postal_code"": """", ""formatted_address"": ""Czechia""}";;;12795779;;;208;;222201903;;;;;;iveta@vividbooks.com;;;648;180;295
35668;48512702;ponechat;easy;1;2;4;Základní škola a mateřská škola – náměstí 28. října 1902/22, Brno;11629944;[];;;;;;7;2024-10-23T09:41:27Z;2026-09-07T15:53:37Z;False;náměstí 28. října 1902/22, Černá Pole, 60200 Brno;;22;náměstí 28. října;Brno-střed;;Jihomoravský kraj;Brno-město;602 00;Czechia;nám. 28. října 1902/22, 602 00 Brno-střed-Černá Pole, Czechia;226;;;48512702;;24;21264;info@osmec.cz;;;;;;218;"{""value"": ""Czech republic"", ""subpremise"": null, ""street_number"": null, ""route"": null, ""sublocality"": null, ""locality"": null, ""admin_area_level_1"": null, ""admin_area_level_2"": null, ""country"": ""Czechia"", ""postal_code"": null, ""formatted_address"": ""Czechia""}";;;14063023;https://osmec.cz/home;;208;18026774;545574997;315;;;;;eva.b@vividbooks.com;RUR8UU;;406;;188
39528;48512702;sloucit;easy;0;0;0;Základní škola a mateřská škola Brno, nám. 28. října 22, příspěvková organizace;14063023;[];;;;;;7;2025-10-23T04:51:32Z;2025-11-06T12:24:15Z;False;Jihomoravský kraj;;;;;;South Moravian Region;;;Czechia;South Moravian Region, Czechia;225;;;	48512702;;;;;;;;;;;"{""value"": ""Czech republic"", ""subpremise"": null, ""street_number"": null, ""route"": null, ""sublocality"": null, ""locality"": null, ""admin_area_level_1"": null, ""admin_area_level_2"": null, ""country"": ""Czechia"", ""postal_code"": null, ""formatted_address"": ""Czechia""}";;;;;;208;;;;;;;;;29774K;;;;
5015;48895512;sloucit;merge;0;1;3;Gymnázium V.Makovského se sport. třídami;11629944;[];;;;;;7;2021-07-16T12:47:40Z;2026-07-16T09:49:03Z;False;Leandra Čecha,152/;;;Leandra Čecha;;Nové Město na Moravě;Kraj Vysočina;Žďár nad Sázavou;592 31;Czechia;Leandra Čecha 152, 592 31 Nové Město na Moravě, Czechia;226;;;48895512;;25;;gynome@gynome.cz;;;;;;;"{""value"": ""Czechia"", ""subpremise"": """", ""street_number"": """", ""route"": """", ""sublocality"": """", ""locality"": """", ""admin_area_level_1"": """", ""admin_area_level_2"": """", ""country"": ""Czechia"", ""postal_code"": """", ""formatted_address"": ""Czechia""}";;;12795779;http://www.gynome.cz/;;208;12795779;566617243;315;;;;;iveta@vividbooks.com;CWCWLX;;197;;
37775;48895512;ponechat;merge;2;4;1;Gymnazium Vincence Makovskeho NMNM;12116814;[5];;;;;;7;2025-01-22T21:11:55Z;2026-05-19T17:33:18Z;False;Kraj Vysočina;;;;;;Vysočina Region;;;Czechia;Vysočina Region, Czechia;226;[205];;	 48895512;[289];221;;;;;;;371;;"{""value"": ""Czechia"", ""subpremise"": """", ""street_number"": """", ""route"": """", ""sublocality"": """", ""locality"": """", ""admin_area_level_1"": """", ""admin_area_level_2"": """", ""country"": ""Czechia"", ""postal_code"": """", ""formatted_address"": ""Czechia""}";;;12116814;;;208;12116814;;315;;[269, 270, 272];;;jiri@vividbooks.com;Y4MZM9;;;;
4230;49123866;sloucit;merge;0;2;2;ZŠ a MŠ Kpt. Otakara Jaroše – 28. října 2173, Louny;11629944;[];;;;;;7;2021-05-17T13:10:18Z;2026-08-30T11:42:32Z;False;28. října 2173, Louny;;;;;;;;;;;226;;;49123866;;24;3718;3zslouny@3zslouny.cz;;;;;;302;"{""value"": ""Czechia"", ""subpremise"": """", ""street_number"": """", ""route"": """", ""sublocality"": """", ""locality"": """", ""admin_area_level_1"": """", ""admin_area_level_2"": """", ""country"": ""Czechia"", ""postal_code"": """", ""formatted_address"": ""Czechia""}";;;18026774;http://www.3zslouny.cz;;208;18026774;415652138;315;;;;;;;;575;;273
28374;49123866;ponechat;merge;0;2;3;ZŠ a MŠ Kpt. Otakara Jaroše – 28. října 2173, Louny;11629944;[];;;;;;7;2024-09-24T20:34:28Z;2026-08-30T11:42:32Z;False;28. října 2173, Louny;;2173;28. října;;;Ústecký kraj;Louny;440 01;Czechia;28. října 2173/2173, 440 01 Louny-Louny 1, Czechia;226;;;49123866;;24;;3zslouny@3zslouny.cz;;;;;;302;"{""value"": ""Czech republic"", ""subpremise"": null, ""street_number"": null, ""route"": null, ""sublocality"": null, ""locality"": null, ""admin_area_level_1"": null, ""admin_area_level_2"": null, ""country"": ""Czechia"", ""postal_code"": null, ""formatted_address"": ""Czechia""}";;;12795779;;;208;12795779;415652138;315;;;;;iveta@vividbooks.com;8VT5QP;;575;;273
3913;49156608;ponechat;merge;0;6;11;Základní škola – Školní 666, Luhačovice;11629944;[];;;;;;7;2021-05-17T13:08:24Z;2026-04-24T13:59:07Z;False;Školní 666, Luhačovice;;;;;;Zlínský kraj;;;;;226;;;49156608;;24;3402;vedeni@zsluhacovice.cz;;;;;;181;"{""value"": ""Czech republic"", ""subpremise"": null, ""street_number"": null, ""route"": null, ""sublocality"": null, ""locality"": null, ""admin_area_level_1"": null, ""admin_area_level_2"": null, ""country"": ""Czechia"", ""postal_code"": null, ""formatted_address"": ""Czechia""}";;;14063023;http://www.zsluhacovice.cz;;208;14063023;577131069;315;;;;;eva.b@vividbooks.com;T533QS;;543;;362
39401;49156608;sloucit;merge;0;0;3;Základní škola Luhačovice, příspěvková organizace;14063023;[];;;;;;7;2025-09-05T09:54:21Z;2026-09-03T07:32:08Z;False;Zlínský kraj;;;;;;Zlín Region;;;Czechia;Zlín Region, Czechia;225;;; 49156608;;;;;;;;;;;"{""value"": ""Czech republic"", ""subpremise"": null, ""street_number"": null, ""route"": null, ""sublocality"": null, ""locality"": null, ""admin_area_level_1"": null, ""admin_area_level_2"": null, ""country"": ""Czechia"", ""postal_code"": null, ""formatted_address"": ""Czechia""}";;;;;;208;;;;;;;;;WR3CQA;;;;
4834;49438816;ponechat;easy;0;3;3;Gy, SPgŠ, OA a JŠ s právem státní JZ;11629944;[];;;;;;7;2021-07-16T12:46:35Z;2026-09-07T10:40:29Z;False;Pontassievská,350/3;350;350, 3;Pontassievská;;Znojmo;Jihomoravský kraj;Znojmo;669 02;Czechia;Pontassievská 350, 669 02 Znojmo, Czechia, 350, Pontassievská 3, 669 02 Znojmo, Czechia;226;;;49438816;;25;19675;info@gpoa.cz;;;Informační technologie;;;;"{""value"": ""Czech republic"", ""subpremise"": null, ""street_number"": null, ""route"": null, ""sublocality"": null, ""locality"": null, ""admin_area_level_1"": null, ""admin_area_level_2"": null, ""country"": ""Czechia"", ""postal_code"": null, ""formatted_address"": ""Czechia""}";;;14063023;www.gpoa.cz, http://www.gpoa.cz, http://www.gpoa.cz;;208;;515158101;;;;;;eva.b@vividbooks.com;WQDE28;;219, 122, 122;;
39976;49438816;sloucit;easy;0;0;0;Základní organizace GPOA Znojmo;11629944;[];;;;;;7;2026-09-05T06:58:57Z;2026-09-08T00:00:39Z;False;;;;;;;;;;;;226;;;49438816;;;;;;;;;;;"{""value"": ""Czech republic"", ""subpremise"": null, ""street_number"": null, ""route"": null, ""sublocality"": null, ""locality"": null, ""admin_area_level_1"": null, ""admin_area_level_2"": null, ""country"": ""Czechia"", ""postal_code"": null, ""formatted_address"": ""Czechia""}";;;;;;208;;;;;;;;;LSYZ9H;;;180;
2045;49624539;ponechat;merge;2;9;12;Základní škola a mateřská škola – Nebušická 369, Praha 6 - Nebušice;11629944;[5];;;;;;7;2021-03-30T12:34:50Z;2026-09-07T06:55:50Z;False;Nebušická 369, Praha 6 - Nebušice;;;;;;Hlavní město Praha;;;;;226;[205];;49624539;[288, 289];24;1080;zsnebusice@zsnebusice.cz;;[347];;18026774;371;216;"{""value"": ""Czech republic"", ""subpremise"": null, ""street_number"": null, ""route"": null, ""sublocality"": null, ""locality"": null, ""admin_area_level_1"": null, ""admin_area_level_2"": null, ""country"": ""Česko"", ""postal_code"": null, ""formatted_address"": ""Česko""}";2050-12-31;;11629944;https://skolanebusice.cz/, http://www.zsnebusice.cz;;208;;220199594;;;[269];386;;iveta@vividbooks.com;VIVIDNEBU1;;409;;193
36011;49624539;sloucit;merge;0;3;1;Základní škola a mateřská škola, Praha - Nebušice;12795779;[5];;;;;;7;2024-10-24T08:42:03Z;2026-09-01T12:58:11Z;False;Hlavní město Praha;;;;;Prague;Prague;Hlavní město Praha;;Czechia;Prague, Czechia;226;[205];;49624539;[288];24;;;;[345, 346, 347, 348];;;;;"{""value"": ""Czech republic"", ""subpremise"": null, ""street_number"": null, ""route"": null, ""sublocality"": null, ""locality"": null, ""admin_area_level_1"": null, ""admin_area_level_2"": null, ""country"": ""Czechia"", ""postal_code"": null, ""formatted_address"": ""Czechia""}";;;12795779;;;208;;;;;;;;iveta@vividbooks.com;VIVIDNEBU1;;;;
36323;49624539;sloucit;merge;0;1;1;ZŠ Nebušice Praha 6;12795779;[];;;;;;7;2024-10-30T03:09:24Z;2026-05-19T05:34:15Z;False;Jihočeský kraj;;;;;;South Bohemian Region;;;Czechia;South Bohemian Region, Czechia;225;;;49624539;;24;;;;;;;;;"{""value"": ""Czech republic"", ""subpremise"": null, ""street_number"": null, ""route"": null, ""sublocality"": null, ""locality"": null, ""admin_area_level_1"": null, ""admin_area_level_2"": null, ""country"": ""Česko"", ""postal_code"": null, ""formatted_address"": ""Česko""}";;;12795779;;;208;12795779;;315;;;;;iveta@vividbooks.com;VIVIDNEBU1;;;;
26638;49777513;ponechat;merge;0;3;3;ZČU v Plzni;18026774;[];;;;;;7;2024-02-26T17:07:58Z;2026-05-15T10:14:55Z;False;Plzeňský kraj;;;;;;Plzeň Region;;;Czechia;Plzeň Region, Czechia;226;;;49777513;;304;;;;;;;;;"{""value"": ""Czech republic"", ""subpremise"": null, ""street_number"": null, ""route"": null, ""sublocality"": null, ""locality"": null, ""admin_area_level_1"": null, ""admin_area_level_2"": null, ""country"": ""Czechia"", ""postal_code"": null, ""formatted_address"": ""Czechia""}";;;18026774;;;208;18026774;;315;;;;;;YVFJCW, TDSSB4, 5QX9TG;;;;
39564;49777513;sloucit;merge;1;1;1;Západočeská univerzita v Plzni Univerzitní knihovna;12116814;[];;;;;;7;2025-11-28T12:50:05Z;2025-12-19T17:51:30Z;False;Univerzitní 2732, 301 00 Plzeň;;8;Univerzitní;Plzeň 3;;Plzeňský kraj;Plzeň-město;301 00;Czechia;Univerzitní 2732/8, 301 00 Plzeň 3-Jižní Předměstí, Czechia;225;;;: 49777513;;;;;;;;;371;;"{""value"": ""Czech republic"", ""subpremise"": null, ""street_number"": null, ""route"": null, ""sublocality"": null, ""locality"": null, ""admin_area_level_1"": null, ""admin_area_level_2"": null, ""country"": ""Czechia"", ""postal_code"": null, ""formatted_address"": ""Czechia""}";;;12116814;https://www.knihovna.zcu.cz/;;208;;;;;;;;jiri@vividbooks.com;;;;;
6713;60103264;ponechat;merge;0;2;1;Dětský domov se školou Chrudim;11629944;[];;;;;;7;2021-09-22T17:47:41Z;2026-05-04T11:34:41Z;False;Čáslavská 624, Chrudim IV, 537 01 Chrudim, Czechia;;;Čáslavská;;Chrudim;Pardubický kraj;Chrudim;537 01;Czechia;Čáslavská 624, Chrudim IV, 537 01 Chrudim, Czechia;226;;;601 03 264;;24;15289;lenka.kabelova@dds-chrudim.cz;;;;;;;"{""value"": ""Czechia"", ""subpremise"": """", ""street_number"": """", ""route"": """", ""sublocality"": """", ""locality"": """", ""admin_area_level_1"": """", ""admin_area_level_2"": """", ""country"": ""Czechia"", ""postal_code"": """", ""formatted_address"": ""Czechia""}";;;12116814;https://www.dds-chrudim.cz/;;208;18026774;466 251 796;315;;;;;jiri@vividbooks.com;D9G99V;;;;
35508;60103264;sloucit;merge;0;0;3;DD se školou, SVP a ZŠ – Čáslavská 624, Chrudim;11629944;[412];;;;;;7;2024-10-23T09:30:49Z;2026-08-28T06:38:57Z;False;Čáslavská 624, Chrudim;;;;;;Pardubický kraj;;;;;226;;;60103264;;24;;dds-chrudim@dds-chrudim.cz;;;;;;17;"{""value"": ""Czechia"", ""subpremise"": """", ""street_number"": """", ""route"": """", ""sublocality"": """", ""locality"": """", ""admin_area_level_1"": """", ""admin_area_level_2"": """", ""country"": ""Czechia"", ""postal_code"": """", ""formatted_address"": ""Czechia""}";;;;;;;;466251799;;;;;;;;;55;;38
4472;60433230;ponechat;merge;0;10;8;Základní škola a mateřská škola – Lyčkovo náměstí 460/6, Praha 8 - Karlín;11629944;[140];;;;;;7;2021-05-17T13:11:48Z;2026-08-27T08:05:54Z;False;Lyčkovo náměstí 460/6, Praha 8 - Karlín;;;;;;;;;;;226;;;60433230;[288, 289];24;3959;jan.korda@smysluplnaskola.cz;;[345];;;;520;"{""value"": ""Czech republic"", ""subpremise"": null, ""street_number"": null, ""route"": null, ""sublocality"": null, ""locality"": null, ""admin_area_level_1"": null, ""admin_area_level_2"": null, ""country"": ""Czechia"", ""postal_code"": null, ""formatted_address"": ""Czechia""}";;;12795779;https://smysluplnaskola.cz/web/kontakty;;208;12795779;221779671;315;;[269];;;iveta@vividbooks.com;VUZVWE;;844;;324
25838;60433230;sloucit;merge;0;2;1;Základní škola a mateřská škola – Lyčkovo náměstí 460/6, Praha 8 - Karlín;11629944;[140];;;;;;7;2023-09-07T10:17:45Z;2026-08-27T08:05:54Z;False;Lyčkovo náměstí 460/6, Praha 8 - Karlín;;6;Lyčkovo náměstí;Praha 8;;Hlavní město Praha;Hlavní město Praha;186 00;Czechia;Lyčkovo nám. 460/6, 186 00 Praha 8-Karlín, Czechia;226;;;60433230;[288];24;;jan.korda@smysluplnaskola.cz;;[345];;;;520;"{""value"": ""Czechia"", ""subpremise"": """", ""street_number"": """", ""route"": """", ""sublocality"": """", ""locality"": """", ""admin_area_level_1"": """", ""admin_area_level_2"": """", ""country"": ""Czechia"", ""postal_code"": """", ""formatted_address"": ""Czechia""}";;;12795779;;;208;;221779671;;;;;;iveta@vividbooks.com;SL5QW2;;844;;324
39394;60433230;sloucit;merge;0;2;2;Základní škola a mateřská škola, Praha 8, Lyčkovo náměstí 6;12795779;[];;;;;;7;2025-09-02T14:36:45Z;2026-08-18T14:46:09Z;False;Hlavní město Praha;;;;;Prague;Prague;Hlavní město Praha;;Czechia;Prague, Czechia;226;;;	60433230;;24;;;;;;;;;"{""value"": ""Czech republic"", ""subpremise"": null, ""street_number"": null, ""route"": null, ""sublocality"": null, ""locality"": null, ""admin_area_level_1"": null, ""admin_area_level_2"": null, ""country"": ""Czechia"", ""postal_code"": null, ""formatted_address"": ""Czechia""}";;;12795779;;;208;;;;;;;;iveta@vividbooks.com;T6HCCX;;;;
4238;60435674;ponechat;merge;0;7;5;Základní škola a Mateřská škola – Ohradní 1366/49, Praha 4 - Michle;11629944;[140];;;;;;7;2021-05-17T13:10:22Z;2026-07-28T13:02:06Z;False;Ohradní 1366/49, Praha 4 - Michle;;;;;;Hlavní město Praha;;;;;226;;;60435674;[289];24;3726;smazikova@zs-ohradni.cz;;;;;371;368;"{""value"": ""Czechia"", ""subpremise"": """", ""street_number"": """", ""route"": """", ""sublocality"": """", ""locality"": """", ""admin_area_level_1"": """", ""admin_area_level_2"": """", ""country"": ""Czechia"", ""postal_code"": """", ""formatted_address"": ""Czechia""}";2024-09-30;;12795779;www.zs-ohradni.cz;;208;12795779;261109521;315;;[269, 270];386;;iveta@vividbooks.com;9H9QQY;;643;;275
39275;60435674;sloucit;merge;0;1;1;Základní škola a Mateřská škola, Praha 4, Ohradní 49;12795779;[];;;;;;7;2025-06-02T15:01:03Z;2026-06-24T15:48:57Z;False;Hlavní město Praha;;;;;Prague;Prague;Hlavní město Praha;;Czechia;Prague, Czechia;226;;;	60435674;;24;;;;;;;;;"{""value"": ""Czech republic"", ""subpremise"": null, ""street_number"": null, ""route"": null, ""sublocality"": null, ""locality"": null, ""admin_area_level_1"": null, ""admin_area_level_2"": null, ""country"": ""Czechia"", ""postal_code"": null, ""formatted_address"": ""Czechia""}";;;12795779;;;208;12795779;;315;;;;;iveta@vividbooks.com;9H9QQY;;;;
4983;60545984;ponechat;merge;1;1;5;Gymnázium Jihlava;11629944;[];;;;;;7;2021-07-16T12:47:30Z;2026-09-07T12:42:27Z;False;Jana Masaryka,1560/1;;1560;Jana Masaryka;;Jihlava;Kraj Vysočina;Jihlava;586 01;Czechia;J. Masaryka 1560, 586 01 Jihlava, Czechia;226;;;60545984;;25;;podatelna@gymnaziumjihlava.cz;;;;;;;"{""value"": ""Czech republic"", ""subpremise"": null, ""street_number"": null, ""route"": null, ""sublocality"": null, ""locality"": null, ""admin_area_level_1"": null, ""admin_area_level_2"": null, ""country"": ""Česko"", ""postal_code"": null, ""formatted_address"": ""Česko""}";;;12795779;www.gymnaziumjihlava.cz;;208;12795779;567579740;315;;;;;jiri@vividbooks.com;AVB8XT;;236;;
39396;60545984;sloucit;merge;0;1;0;Gymnázium Jihlava;12116814;[];;;;;;7;2025-09-04T06:51:58Z;2026-08-27T06:46:08Z;False;Kraj Vysočina;;;;;;Vysočina Region;;;Czechia;Vysočina Region, Czechia;226;;;  60545984;;;;;;;;;;;"{""value"": ""Czech republic"", ""subpremise"": null, ""street_number"": null, ""route"": null, ""sublocality"": null, ""locality"": null, ""admin_area_level_1"": null, ""admin_area_level_2"": null, ""country"": ""Czechia"", ""postal_code"": null, ""formatted_address"": ""Czechia""}";;;12116814;;;208;;;;;;;;jiri@vividbooks.com;QHGSFZ;;;;
2461;61357324;ponechat;merge;0;3;3;Základní škola a Mateřská škola – č.p. 182, Krásný Dvůr;11629944;[];;;;;;7;2021-05-17T12:59:59Z;2026-01-19T11:34:36Z;False;č.p. 182, Krásný Dvůr;;;;;;;;;;;226;;;61357324;;24;1962;zs.krasny_dvur@o2active.cz;;;;;;59;"{""value"": ""Czech republic"", ""subpremise"": null, ""street_number"": null, ""route"": null, ""sublocality"": null, ""locality"": null, ""admin_area_level_1"": null, ""admin_area_level_2"": null, ""country"": ""Czechia"", ""postal_code"": null, ""formatted_address"": ""Czechia""}";;;12795779;https://www.zskrasnydvur.cz/;;208;12795779;415210000;315;;;;;iveta@vividbooks.com;HRWLNV;;120;;61
28491;61357324;sloucit;merge;0;0;1;Základní škola a Mateřská škola – č.p. 182, Krásný Dvůr;12795779;[];;;;;;7;2024-10-09T05:04:01Z;2026-05-05T06:13:51Z;False;č.p. 182, Krásný Dvůr;c p;;;;Krásný Dvůr;Ústecký kraj;Louny;439 72;Czechia;c p, Krásný Dvůr 182, 439 72 Krásný Dvůr, Czechia;226;;;61357324;;24;;zs.krasny_dvur@o2active.cz;;;;;;59;"{""value"": ""Czechia"", ""subpremise"": """", ""street_number"": """", ""route"": """", ""sublocality"": """", ""locality"": """", ""admin_area_level_1"": """", ""admin_area_level_2"": """", ""country"": ""Czechia"", ""postal_code"": """", ""formatted_address"": ""Czechia""}";;;12795779;;;208;12795779;415210000;315;;;;;iveta@vividbooks.com;SYVBCW;;120;180;61
4031;61357332;ponechat;merge;0;3;1;Základní škola – Jižní 2777, Žatec;11629944;[];;;;;;7;2021-05-17T13:09:09Z;2025-02-19T13:09:50Z;False;Jižní 2777, Žatec;;;;;;Ústecký kraj;;;;;226;;;61357332;;24;3520;reditel.jih@email.cz;;;;;;298;"{""value"": ""Czechia"", ""subpremise"": """", ""street_number"": """", ""route"": """", ""sublocality"": """", ""locality"": """", ""admin_area_level_1"": """", ""admin_area_level_2"": """", ""country"": ""Czechia"", ""postal_code"": """", ""formatted_address"": ""Czechia""}";;;18026774;http://www.zsjihwz.cz;;208;18026774;415741322;315;;;;;iveta@vividbooks.com;83Q8TL;;535;;237
36543;61357332;sloucit;merge;0;1;0;Základní škola Žatec, Jižní 2777, 43801 Žatec, okr. Louny;12795779;[];;;;;;7;2024-11-03T09:02:08Z;2025-04-09T12:11:20Z;False;Ústecký kraj;;;;;;Ústí nad Labem Region;;;Czechia;Ústí nad Labem Region, Czechia;226;;;61357332;;24;;;;;;;;;"{""value"": ""Czech Republic"", ""subpremise"": """", ""street_number"": """", ""route"": """", ""sublocality"": """", ""locality"": """", ""admin_area_level_1"": """", ""admin_area_level_2"": """", ""country"": ""Czechia"", ""postal_code"": """", ""formatted_address"": ""Czechia""}";;;;https://www.zsjihwz.cz/kontakty;;;;;;;;;;iveta@vividbooks.com;8APWPR;;;;
4168;61386898;ponechat;merge;0;5;2;Základní škola – Dygrýnova 1006/21, Praha 9 - Černý Most;11629944;[];;;;;;7;2021-05-17T13:09:57Z;2026-03-27T10:57:43Z;False;Dygrýnova 1006/21, Praha 9 - Černý Most;;;;;;Hlavní město Praha;;;;;226;;;61386898;;24;3656;info@zsgenjanouska.cz;;;;;371;443;"{""value"": ""Czech republic"", ""subpremise"": null, ""street_number"": null, ""route"": null, ""sublocality"": null, ""locality"": null, ""admin_area_level_1"": null, ""admin_area_level_2"": null, ""country"": ""Czechia"", ""postal_code"": null, ""formatted_address"": ""Czechia""}";;;18026774;http://www.zsgenjanouska.cz;;208;18026774;281912150;315;;;386;;dan@vividbooks.com;2NNW84;;683;;240
39252;61386898;sloucit;merge;0;1;1;Základní škola Generála Janouška, Praha 9 - Černý Most, Dygrýnova 1006/21;12795779;[];;;;;;7;2025-05-21T12:42:27Z;2026-05-28T09:51:55Z;False;Hlavní město Praha;;;;;Prague;Prague;Hlavní město Praha;;Czechia;Prague, Czechia;226;;; 61386898;;24;;;;;;;;;"{""value"": ""Czech republic"", ""subpremise"": null, ""street_number"": null, ""route"": null, ""sublocality"": null, ""locality"": null, ""admin_area_level_1"": null, ""admin_area_level_2"": null, ""country"": ""Czechia"", ""postal_code"": null, ""formatted_address"": ""Czechia""}";;;12795779;;;208;12795779;;315;;;;;;97RESJ;;;;
2705;61388149;ponechat;merge;0;3;4;Gymn., SOŠ, ZŠ a MŠ pro sluch. postižené – Ječná 530/27, Praha 2 - Nové Město;11629944;[5];;;;;;7;2021-05-17T13:01:20Z;2026-09-03T01:00:29Z;False;Ječná 530/27, Praha 2 - Nové Město;;;;;;Hlavní město Praha;;;;;226;[205];;61388149;;24;2205;skola.jecna@jecna27.cz;;;Informační služby;;;108;"{""value"": ""Czech republic"", ""subpremise"": null, ""street_number"": null, ""route"": null, ""sublocality"": null, ""locality"": null, ""admin_area_level_1"": null, ""admin_area_level_2"": null, ""country"": ""Czechia"", ""postal_code"": null, ""formatted_address"": ""Czechia""}";;;11629944;http://www.jecna27.cz;;208;18026774;224942153;315;;;;;gabriela@vividbooks.com;A5H7V6;;180;;72
7188;61388149;sloucit;merge;0;1;0;Gymnázium,SOŠ,ZŠ a MŠ pro sluchově postižené;11629944;[];;;;;;7;2021-12-08T13:51:30Z;2025-07-07T18:35:39Z;False;;;;;;;;;;;;226;;;61388149;;24;6180;olga.maierova@jecna27.cz;;;;;;;"{""value"": ""Czech Republic"", ""subpremise"": """", ""street_number"": """", ""route"": """", ""sublocality"": """", ""locality"": """", ""admin_area_level_1"": """", ""admin_area_level_2"": """", ""country"": ""Česko"", ""postal_code"": """", ""formatted_address"": ""Česko""}";;;12795779;https://www.jecna27.cz/;;;;604 265 462;;;;;;iveta@vividbooks.com;HGAAXQ;;;;
3936;61388254;ponechat;merge;0;2;2;Základní škola – Písnická 760/11, Praha 4 - Kamýk;11629944;[];;;;;;7;2021-05-17T13:08:32Z;2026-03-05T01:58:19Z;False;Písnická 760/11, Praha 4 - Kamýk;;;;;;Hlavní město Praha;;;;;226;;;61388254;;24;3425;zspsinicka@zspisnicka.cz;;;;;;267;"{""value"": ""Czechia"", ""subpremise"": """", ""street_number"": """", ""route"": """", ""sublocality"": """", ""locality"": """", ""admin_area_level_1"": """", ""admin_area_level_2"": """", ""country"": ""Czechia"", ""postal_code"": """", ""formatted_address"": ""Czechia""}";;;18026774;http://www.zspisnicka.cz;;208;11629944;241470306;315;;;;;iveta@vividbooks.com;;;473;;206
36203;61388254;sloucit;merge;0;1;2;Základní škola Písnická v Praze 12;12795779;[];;;;;;7;2024-10-27T07:47:58Z;2026-05-25T09:59:55Z;False;Hlavní město Praha;;;;;Prague;Prague;Hlavní město Praha;;Czechia;Prague, Czechia;225;;;61388254;;24;;;;;;;;;"{""value"": ""Czech republic"", ""subpremise"": null, ""street_number"": null, ""route"": null, ""sublocality"": null, ""locality"": null, ""admin_area_level_1"": null, ""admin_area_level_2"": null, ""country"": ""Czechia"", ""postal_code"": null, ""formatted_address"": ""Czechia""}";;;12795779;;;208;12795779;;315;;;;;iveta@vividbooks.com;DC57AJ;;;;
4930;61924041;ponechat;easy;1;5;10;Gymnázium a Střední odborná škola pedagogická, Čáslav, Masarykova 248;11629944;[5];;;;;;7;2021-07-16T12:47:09Z;2026-07-16T08:01:57Z;False;Masarykova,248/24;248;248, 24;Masarykova;;Čáslav;Středočeský kraj, Central Bohemian Region, Central Bohemian Region, Středočeský kraj;Kutná Hora;286 01;Czechia;Masarykova 248, Nové Město, 286 01 Čáslav, Czechia, Central Bohemian Region, Czechia, Central Bohemian Region, Czechia, 248, Masarykova 24, 286 01 Čáslav, Czechia;226;[205];;61924041;[289];25;4503;reditel@gymcaslav.cz;;;Pedagogické lyceum;;;;"{""value"": ""Czechia"", ""subpremise"": """", ""street_number"": """", ""route"": """", ""sublocality"": """", ""locality"": """", ""admin_area_level_1"": """", ""admin_area_level_2"": """", ""country"": ""Czechia"", ""postal_code"": """", ""formatted_address"": ""Czechia""}";;;12795779;http://www.gymcaslav.cz, https://www.gymcaslav.cz/, http://www.gymcaslav.cz, http://www.gymcaslav.cz, https://www.gymcaslav.cz/;;208;18026796;774848293, 327 340 051, 327 340 051;315;;[269, 270];386;;iveta@vividbooks.com;YXJKXB;;117, 100, 100;;
39560;61924041;sloucit;easy;0;0;0;619 240 41;11629944;[];;;;;;7;2025-11-18T08:27:55Z;2025-11-19T01:00:23Z;False;;;;;;;;;;;;225;;;619 240 41;;;;;;;;;;;"{""value"": ""Czech Republic"", ""subpremise"": """", ""street_number"": """", ""route"": """", ""sublocality"": """", ""locality"": """", ""admin_area_level_1"": """", ""admin_area_level_2"": """", ""country"": ""Czechia"", ""postal_code"": """", ""formatted_address"": ""Czechia""}";;;;;;;;;;;;;;;;;;;
4383;61955647;ponechat;merge;2;14;16;Základní škola – Radniční náměstí 1040, Šenov;11629944;[5];;;;;;7;2021-05-17T13:11:16Z;2026-09-07T16:53:32Z;False;Radniční náměstí 1040, Šenov;;;;;;Moravskoslezský kraj;;;;;226;[205];;61955647;[289];24;32337;zs.senov@iol.cz;;;;;371;376;"{""value"": ""Czech republic"", ""subpremise"": null, ""street_number"": null, ""route"": null, ""sublocality"": null, ""locality"": null, ""admin_area_level_1"": null, ""admin_area_level_2"": null, ""country"": ""Czechia"", ""postal_code"": null, ""formatted_address"": ""Czechia""}";2026-08-30;;14063023;http://www.zs-senov.cz;;208;14063023;596887025;315;;[269, 270];386;;eva.b@vividbooks.com;H4ZSZK;;771;;395
39742;61955647;sloucit;merge;0;0;1;Základní škola Šenov, Radniční náměstí 1040, příspěvková organizace;14063023;[];;;;;;7;2026-04-07T18:42:20Z;2026-09-02T11:53:39Z;False;Moravskoslezský kraj;;;;;;Moravian-Silesian Region;;;Czechia;Moravian-Silesian Region, Czechia;225;;; 61955647;;;;;;;;;;;"{""value"": ""Czech republic"", ""subpremise"": null, ""street_number"": null, ""route"": null, ""sublocality"": null, ""locality"": null, ""admin_area_level_1"": null, ""admin_area_level_2"": null, ""country"": ""Czechia"", ""postal_code"": null, ""formatted_address"": ""Czechia""}";;;;;;208;;;;;;;;;5G3SHP;;;;
3130;62073184;ponechat;easy;1;5;10;Základní škola – č.p. 283, Lipůvka;11629944;[5];;;;;;7;2021-05-17T13:03:45Z;2026-08-27T06:45:20Z;False;č.p. 283, Lipůvka;;;;;;Jihomoravský kraj;;;;;226;[205];;62073184;[289];24;9069;reditelka@zslipuvka.cz;;;;;371;164;"{""value"": ""Czech republic"", ""subpremise"": null, ""street_number"": null, ""route"": null, ""sublocality"": null, ""locality"": null, ""admin_area_level_1"": null, ""admin_area_level_2"": null, ""country"": ""Czechia"", ""postal_code"": null, ""formatted_address"": ""Czechia""}";2027-08-30;;14063023;http://www.zslipuvka.cz;;208;;607714118;;;[271];386;;eva.b@vividbooks.com;JKXT79;;264;;100
39708;62073184;sloucit;easy;0;0;0;Základní škola Lipůvka, příspěvková organizace;14063023;[];;;;;;7;2026-02-24T17:31:23Z;2026-03-03T13:32:13Z;False;Jihomoravský kraj;;;;;;South Moravian Region;;;Czechia;South Moravian Region, Czechia;225;;; 62073184;;;;;;;;;;;"{""value"": ""Czech republic"", ""subpremise"": null, ""street_number"": null, ""route"": null, ""sublocality"": null, ""locality"": null, ""admin_area_level_1"": null, ""admin_area_level_2"": null, ""country"": ""Czechia"", ""postal_code"": null, ""formatted_address"": ""Czechia""}";;;;;;208;;;;;;;;;SNDRPK;;;;
2706;62209485;ponechat;merge;0;11;4;Základní škola profesora Zdeňka Matějčka – Zdeňka Štěpánka 340, Most;11629944;[];;;;;;7;2021-05-17T13:01:21Z;2026-01-25T18:23:46Z;False;Zdeňka Štěpánka 340, Most;;;;;;Ústecký kraj;;;;;226;;;62209485;;24;25817;petra.uskovicova@zsdysmost.cz;;;;;371;64;"{""value"": ""Czech republic"", ""subpremise"": null, ""street_number"": null, ""route"": null, ""sublocality"": null, ""locality"": null, ""admin_area_level_1"": null, ""admin_area_level_2"": null, ""country"": ""Czechia"", ""postal_code"": null, ""formatted_address"": ""Czechia""}";;;12795779;http://www.zsdysmost.cz;;208;12795779;476706164;315;;;386;;iveta@vividbooks.com;YPCE69;;150;;86
37623;62209485;sloucit;merge;0;2;2;ZŠ prof. Z. Matějčka Most;12795779;[];;;;;;7;2025-01-09T15:04:02Z;2026-08-07T16:46:49Z;False;Ústecký kraj;;;;;;Ústí nad Labem Region;;;Czechia;Ústí nad Labem Region, Czechia;226;;;62209485;;24;;;;;;;;;"{""value"": ""Czech republic"", ""subpremise"": null, ""street_number"": null, ""route"": null, ""sublocality"": null, ""locality"": null, ""admin_area_level_1"": null, ""admin_area_level_2"": null, ""country"": ""Czechia"", ""postal_code"": null, ""formatted_address"": ""Czechia""}";;;12795779;;;208;12795779;;315;;;;;iveta@vividbooks.com;YPCE69;;;;
4956;62331205;sloucit;merge;0;1;1;Gymnázium Fr.Živného;11629944;[];;;;;;7;2021-07-16T12:47:20Z;2025-12-04T09:10:42Z;False;Jana Palacha,794/;;794;Jana Palacha;;Bohumín;Moravskoslezský kraj;Karviná;735 81;Czechia;J. Palacha 794, Nový Bohumín, 735 81 Bohumín, Czechia;226;;;62331205;;25;;sekretariat@gym-bohumin.cz;;;;;;;"{""value"": ""Czechia"", ""subpremise"": """", ""street_number"": """", ""route"": """", ""sublocality"": """", ""locality"": """", ""admin_area_level_1"": """", ""admin_area_level_2"": """", ""country"": ""Czechia"", ""postal_code"": """", ""formatted_address"": ""Czechia""}";;;14063023;http://www.gym-bohumin.cz;;;;596014560;;;;;;eva.b@vividbooks.com;L9A42A;;221;;
32237;62331205;ponechat;merge;0;2;2;Gymnazium Františka Živného Bohumín;14063023;[];;;;;;7;2024-10-21T17:59:20Z;2026-05-06T00:00:19Z;False;Jana Palacha 794, 735 81 Nový Bohumín, Česko;;794;Jana Palacha;;;Moravskoslezský kraj;Karviná;735 81;Česko;J. Palacha 794/794, 735 81 Bohumín-Nový Bohumín, Česko;226;;;62331205;;25;4528;;;;;;;;"{""value"": ""Czech republic"", ""subpremise"": null, ""street_number"": null, ""route"": null, ""sublocality"": null, ""locality"": null, ""admin_area_level_1"": null, ""admin_area_level_2"": null, ""country"": ""Czechia"", ""postal_code"": null, ""formatted_address"": ""Czechia""}";;;14063023;https://www.gym-bohumin.cz/cz/kontakt/zamestnanci/;;208;14063023;;315;;;;;eva.b@vividbooks.com;GM7T76;;;;
2057;62331540;ponechat;easy;2;9;9;Gymnázium Orlová;11629944;[5];;;;;;7;2021-03-30T12:34:54Z;2026-06-04T06:56:02Z;False;Masarykova třída 1313, Lutyně, Orlová, 735 14;;1313;Masarykova třída;;Orlová;Moravskoslezský kraj, Moravian-Silesian Region, Moravskoslezský kraj, Moravskoslezský kraj;Karviná;735 14;Czechia;Masarykova tř. 1313, Lutyně, 735 14 Orlová, Czechia, Moravian-Silesian Region, Czechia, Masarykova tř. 1313, Lutyně, 735 14 Orlová, Czechia, Masarykova tř. 1313, Lutyně, 735 14 Orlová, Czechia;226;[205];;62331540;[289];25;1095;kancelar@goa-orlova.cz;;;Informační technologie;18026774;;;"{""value"": ""Czechia"", ""subpremise"": """", ""street_number"": """", ""route"": """", ""sublocality"": """", ""locality"": """", ""admin_area_level_1"": """", ""admin_area_level_2"": """", ""country"": ""Czechia"", ""postal_code"": """", ""formatted_address"": ""Czechia""}";2029-12-30;;14063023;https://www.goa-orlova.cz/;;208;;596 539 301, 596539301, 596 539 301, 596 539 301;;;[269, 272];386;;eva.b@vividbooks.com;ZB7ZD9;;225, 80, 80;;
39709;62331540;sloucit;easy;0;0;0;Gymnázium a Obchodní akademie, Orlová, příspěvková organizace;14063023;[];;;;;;7;2026-02-24T17:53:35Z;2026-03-03T14:54:36Z;False;Moravskoslezský kraj;;;;;;Moravian-Silesian Region;;;Czechia;Moravian-Silesian Region, Czechia;225;;; 62331540;;;;;;;;;;;"{""value"": ""Czech republic"", ""subpremise"": null, ""street_number"": null, ""route"": null, ""sublocality"": null, ""locality"": null, ""admin_area_level_1"": null, ""admin_area_level_2"": null, ""country"": ""Czechia"", ""postal_code"": null, ""formatted_address"": ""Czechia""}";;;;;;208;;;;;;;;;DCVKJH;;;;
4381;62451511;ponechat;merge;2;9;6;Základní škola Dr. Edvarda Beneše – Laurinova 905, Mladá Boleslav;11629944;[5];;;;;;7;2021-05-17T13:11:15Z;2026-08-20T19:27:59Z;False;Laurinova 905, Mladá Boleslav;;;;;;Středočeský kraj;;;;;226;[205];;62451511;[288, 289, 418];24;3869;brigita.sulcova@zsbenese.cz;;[348];;;;420;"{""value"": ""Czech republic"", ""subpremise"": null, ""street_number"": null, ""route"": null, ""sublocality"": null, ""locality"": null, ""admin_area_level_1"": null, ""admin_area_level_2"": null, ""country"": ""Czechia"", ""postal_code"": null, ""formatted_address"": ""Czechia""}";2027-12-31;;12795779;http://www.zsbenese.cz;;208;12795779;326324075;315;;[269, 271, 272];;;iveta@vividbooks.com;XMGFE2;;875;;455
38570;62451511;sloucit;merge;1;2;6;ZŠ Dr. E. Beneše, Mladá Boleslav;12795779;[5];;;;;;7;2025-03-03T14:22:13Z;2026-08-28T01:01:22Z;False;Středočeský kraj;;;;;;Central Bohemian Region;;;Czechia;Central Bohemian Region, Czechia;226;[205];;62451511;[288];24;;;;[348];;;;;"{""value"": ""Czech republic"", ""subpremise"": null, ""street_number"": null, ""route"": null, ""sublocality"": null, ""locality"": null, ""admin_area_level_1"": null, ""admin_area_level_2"": null, ""country"": ""Czechia"", ""postal_code"": null, ""formatted_address"": ""Czechia""}";;;12795779;;;208;12795779;;315;;;;;iveta@vividbooks.com;XMGFE2;;;;
3710;62858939;ponechat;merge;0;4;4;Základní škola a mateřská škola – Sportovní 850, Kostelec na Hané;11629944;[];;;;;;7;2021-05-17T13:07:13Z;2026-03-20T11:28:36Z;False;Sportovní 850, Kostelec na Hané;;;;;;Olomoucký kraj;;;;;226;;;62858939;;24;3202;skola@skolakostelec.cz;;;;;;210;"{""value"": ""Czechia"", ""subpremise"": """", ""street_number"": """", ""route"": """", ""sublocality"": """", ""locality"": """", ""admin_area_level_1"": """", ""admin_area_level_2"": """", ""country"": ""Czechia"", ""postal_code"": """", ""formatted_address"": ""Czechia""}";;;14063023;http://www.skolakostelec.cz;;;;582373840;;;;;;eva.b@vividbooks.com;SYHRM5;;409;;199
39429;62858939;sloucit;merge;0;0;1;Základní škola a mateřská škola Kostelec na Hané, okres Prostějov, příspěvková organizace;14063023;[];;;;;;7;2025-09-12T11:02:05Z;2026-05-28T09:43:24Z;False;Olomoucký kraj;;;;;;Olomouc Region;;;Czechia;Olomouc Region, Czechia;225;;; 62858939;;;;;;;;;;;"{""value"": ""Czech republic"", ""subpremise"": null, ""street_number"": null, ""route"": null, ""sublocality"": null, ""locality"": null, ""admin_area_level_1"": null, ""admin_area_level_2"": null, ""country"": ""Czechia"", ""postal_code"": null, ""formatted_address"": ""Czechia""}";;;;;;208;;;;;;;;;SYHRM5;;;;
3011;63831325;ponechat;merge;0;4;2;Základní škola – Cimburkova 600/18, Praha 3 - Žižkov;11629944;[];;;;;;7;2021-05-17T13:03:06Z;2026-03-13T11:16:31Z;False;Cimburkova 600/18, Praha 3 - Žižkov;;;;;;;;;;;226;;;63831325;;24;19480;snajdr.martin@cimburacka.cz;;;;;;130;"{""value"": ""Czechia"", ""subpremise"": """", ""street_number"": """", ""route"": """", ""sublocality"": """", ""locality"": """", ""admin_area_level_1"": """", ""admin_area_level_2"": """", ""country"": ""Czechia"", ""postal_code"": """", ""formatted_address"": ""Czechia""}";;;18026774;www.cimburacka.cz;;208;11629944;222782848;315;;;;;iveta@vividbooks.com;4K9KZY;;239;;109
28264;63831325;sloucit;merge;0;0;1;Základní škola – Cimburkova 600/18, Praha 3 - Žižkov;12795779;[];;;;;;7;2024-09-05T19:12:21Z;2026-05-18T11:37:46Z;False;Cimburkova 600/18, Praha 3 - Žižkov;;18;Cimburkova;Praha 3;;Hlavní město Praha;Hlavní město Praha;130 00;Czechia;Cimburkova 600/18, 130 00 Praha 3-Žižkov, Czechia;226;;;63831325;;24;;snajdr.martin@cimburacka.cz;;;;;;130;"{""value"": ""Czechia"", ""subpremise"": """", ""street_number"": """", ""route"": """", ""sublocality"": """", ""locality"": """", ""admin_area_level_1"": """", ""admin_area_level_2"": """", ""country"": ""Czechia"", ""postal_code"": """", ""formatted_address"": ""Czechia""}";;;12795779;;;208;12795779;222782848;315;;;;;;4K9KZY;;239;180;109
4023;63831392;ponechat;merge;1;9;34;Základní škola – náměstí Jiřího z Poděbrad 1685/7, Praha 3 - Vinohrady;11629944;[5];;;;;;7;2021-05-17T13:09:05Z;2026-08-27T07:38:13Z;False;náměstí Jiřího z Poděbrad 1685/7, Praha 3 - Vinohrady;;;;;;;;;;;226;[205];;63831392;[288];24;19379;sekretariat@skola-jirak.cz;;;;;;233;"{""value"": ""Czech republic"", ""subpremise"": null, ""street_number"": null, ""route"": null, ""sublocality"": null, ""locality"": null, ""admin_area_level_1"": null, ""admin_area_level_2"": null, ""country"": ""Czechia"", ""postal_code"": null, ""formatted_address"": ""Czechia""}";;;12795779;http://www.skola-jirak.cz;;208;11629944;222725404;315;;;;;iveta@vividbooks.com;42KYLA;;468;;235
28558;63831392;sloucit;merge;0;2;2;Základní škola – náměstí Jiřího z Poděbrad 1685/7, Praha 3 - Vinohrady;12795779;[];;;;;;7;2024-10-10T17:05:38Z;2026-07-09T08:52:15Z;False;náměstí Jiřího z Poděbrad 1685/7, Praha 3 - Vinohrady;;7;náměstí Jiřího z Poděbrad;Praha 3;;Hlavní město Praha;Hlavní město Praha;130 00;Czechia;nám. J. z Poděbrad 1685/7, Vinohrady, 130 00 Praha-Praha 3, Czechia;226;;;63831392;;24;;sekretariat@skola-jirak.cz;;;;;;233;"{""value"": ""Czech republic"", ""subpremise"": null, ""street_number"": null, ""route"": null, ""sublocality"": null, ""locality"": null, ""admin_area_level_1"": null, ""admin_area_level_2"": null, ""country"": ""Czechia"", ""postal_code"": null, ""formatted_address"": ""Czechia""}";;;12795779;;;208;12795779;222725404;315;;;;;iveta@vividbooks.com;42KYLA;;468;;235
4181;63834341;ponechat;merge;1;6;8;Základní škola Marjánka – Bělohorská 417/52, Praha 6 - Břevnov;11629944;[];;;;;;7;2021-05-17T13:10:03Z;2026-09-08T00:05:02Z;False;Bělohorská 417/52, Praha 6 - Břevnov;;;;;;Hlavní město Praha;;;;;226;;;63834341;;24;3670;info@zsmarjanka.cz;;;;;;278;"{""value"": ""Czech republic"", ""subpremise"": null, ""street_number"": null, ""route"": null, ""sublocality"": null, ""locality"": null, ""admin_area_level_1"": null, ""admin_area_level_2"": null, ""country"": ""Czechia"", ""postal_code"": null, ""formatted_address"": ""Czechia""}";;;12795779;www.zsmarjankapraha6.cz;;208;11629944;220517391;315;;;;;iveta@vividbooks.com;TG73WA;;675;;397
37735;63834341;sloucit;merge;0;0;1;Základní škola Marjánka, Praha 6, Bělohorská 52;12795779;[];;;;;;7;2025-01-17T20:40:49Z;2026-05-13T06:34:07Z;False;Hlavní město Praha;;;;;Prague;Prague;Hlavní město Praha;;Czechia;Prague, Czechia;225;;;63834341;;24;;;;;;;;;"{""value"": ""Czech republic"", ""subpremise"": null, ""street_number"": null, ""route"": null, ""sublocality"": null, ""locality"": null, ""admin_area_level_1"": null, ""admin_area_level_2"": null, ""country"": ""Czechia"", ""postal_code"": null, ""formatted_address"": ""Czechia""}";;;12795779;;;208;12795779;;315;;;;;iveta@vividbooks.com;TG73WA;;;180;
2042;65142799;ponechat;merge;3;9;12;Gymnázium Prigo;11629944;[5];;;;;;7;2021-03-30T12:34:48Z;2026-09-03T01:00:28Z;False;Mojmírovců 1002/42, Mariánské Hory, Ostrava, 70900;;42;Mojmírovců;;;Moravskoslezský kraj;Ostrava-město;709 00;Czechia;Mojmírovců 1002/42, 709 00 Ostrava-Mariánské Hory a Hulváky, Czechia;226;[205];;65142799;[288, 289];25;9102;petr.ptacek@prigo.cz;;[347];;14063023;;;"{""value"": ""Czech republic"", ""subpremise"": null, ""street_number"": null, ""route"": null, ""sublocality"": null, ""locality"": null, ""admin_area_level_1"": null, ""admin_area_level_2"": null, ""country"": ""Czechia"", ""postal_code"": null, ""formatted_address"": ""Czechia""}";2026-12-30;;14063023;https://www.prigo.cz/;;208;14063023;733 531 852, 603371215;315;;[269, 270];386;;eva.b@vividbooks.com;VIVIDPRIGO;;147;;
8424;65142799;sloucit;merge;0;1;9;Lék. a přír. GYMNÁZIUM PRIGO, s.r.o.;11629944;[];;;;;;7;2022-10-04T13:44:04Z;2026-05-07T11:13:46Z;False;Moravskoslezský kraj;;;;;;Moravian-Silesian Region;;;Czechia;Moravian-Silesian Region, Czechia;226;;;65142799;;25;;;;;;;;;"{""value"": ""Czech republic"", ""subpremise"": null, ""street_number"": null, ""route"": null, ""sublocality"": null, ""locality"": null, ""admin_area_level_1"": null, ""admin_area_level_2"": null, ""country"": ""Czechia"", ""postal_code"": null, ""formatted_address"": ""Czechia""}";;;14063023;https://www.lpg-prigo.cz/;;208;14063023;;315;;;;;eva.b@vividbooks.com;6ENYT9;;;;
3201;65765907;ponechat;easy;0;5;6;Základní škola a mateřská škola – Komenského 324/4, Adamov;11629944;[];;;;;;7;2021-05-17T13:04:12Z;2026-08-20T05:38:27Z;False;Komenského 324/4, Adamov;;;;;;Jihomoravský kraj;;;;;226;;;65765907;;24;5082;zsadamov@adamov.cz;;;;;;245;"{""value"": ""Czech republic"", ""subpremise"": null, ""street_number"": null, ""route"": null, ""sublocality"": null, ""locality"": null, ""admin_area_level_1"": null, ""admin_area_level_2"": null, ""country"": ""Czechia"", ""postal_code"": null, ""formatted_address"": ""Czechia""}";;;14063023;https://www.zs-adamov.cz/;;208;14063023;515531196;315;;;;;eva.b@vividbooks.com;R3D5L7;;403;;158
39243;65765907;sloucit;easy;0;0;0;Základní škola a mateřská škola Adamov, příspěvková organizace;14063023;[];;;;;;7;2025-05-16T10:12:49Z;2025-05-30T11:30:25Z;False;Jihomoravský kraj;;;;;;South Moravian Region;;;Czechia;South Moravian Region, Czechia;225;;;	65765907;;;;;;;;;;;"{""value"": ""Czech republic"", ""subpremise"": null, ""street_number"": null, ""route"": null, ""sublocality"": null, ""locality"": null, ""admin_area_level_1"": null, ""admin_area_level_2"": null, ""country"": ""Czechia"", ""postal_code"": null, ""formatted_address"": ""Czechia""}";;;14063023;;;208;14063023;;315;;;;;;R3D5L7;;;;
7767;68321261;ponechat;merge;0;1;2;Střední škola technických oborů, Havířov;11629944;[];;;;;;7;2022-04-08T18:59:09Z;2025-11-14T10:38:17Z;False;Lidická 600/1A, Šumbark, Havířov, Czechia;1a;600;Lidická;;Havířov;Moravskoslezský kraj;Karviná;736 01;Czechia;1a, Lidická 600, 736 01 Havířov, Czechia;226;;;683 212 61;;133;8074;ssto@ssto-havirov.cz;;;;;;;"{""value"": ""Czechia"", ""subpremise"": """", ""street_number"": """", ""route"": """", ""sublocality"": """", ""locality"": """", ""admin_area_level_1"": """", ""admin_area_level_2"": """", ""country"": ""Czechia"", ""postal_code"": """", ""formatted_address"": ""Czechia""}";;;14063023;https://ssto-havirov.cz/;;;;596802111;;;;;;;;;;;
9534;68321261;sloucit;merge;0;1;1;STŘEDNÍ ŠKOLA TECHNICKÝCH OBORŮ  Havířov-Šumbark, Lidická 1a/600, příspěvková  organizace;11629944;[];;;;;;7;2023-01-17T17:28:27Z;2026-04-28T06:33:18Z;False;Lidická 600, Havířov, Česko;;600;Lidická;;Havířov;Moravskoslezský kraj;Karviná;736 01;Česko;Lidická 600, 736 01 Havířov, Česko;226;;;68321261;;221;8074;ssto@ssto-havirov.cz;;;Klempíř;;;;"{""value"": ""Czechia"", ""subpremise"": """", ""street_number"": """", ""route"": """", ""sublocality"": """", ""locality"": """", ""admin_area_level_1"": """", ""admin_area_level_2"": """", ""country"": ""Czechia"", ""postal_code"": """", ""formatted_address"": ""Czechia""}";;;;http://www.ssto-havirov.cz, https://ssto-havirov.cz/;;208;;596 802 111;;;;;;;;;10;;
2457;68379919;ponechat;merge;0;3;1;ZŠ pro žáky se specif. poruchami učení – U boroviček 649/3, Praha 6 - Řepy;11629944;[];;;;;;7;2021-05-17T12:59:58Z;2025-01-16T09:50:13Z;False;U boroviček 649/3, Praha 6 - Řepy;;;;;;Hlavní město Praha;;;;;226;;;68379919;;24;7711;reditelka@borovicky.cz;;;;;;0;"{""value"": ""Czechia"", ""subpremise"": """", ""street_number"": """", ""route"": """", ""sublocality"": """", ""locality"": """", ""admin_area_level_1"": """", ""admin_area_level_2"": """", ""country"": ""Czechia"", ""postal_code"": """", ""formatted_address"": ""Czechia""}";;;11629944;http://www.borovicky.cz;;208;11629944;728006942;315;;;;;iveta@vividbooks.com;D2Z7DY;;133;;133
36961;68379919;sloucit;merge;0;0;1;ZŠ pro žáky s SPU;12795779;[];;;;;;7;2024-11-15T16:16:20Z;2026-05-14T06:18:32Z;False;Hlavní město Praha;;;;;Prague;Prague;Hlavní město Praha;;Czechia;Prague, Czechia;225;;;68379919;;24;;;;;;;;;"{""value"": ""Czech republic"", ""subpremise"": null, ""street_number"": null, ""route"": null, ""sublocality"": null, ""locality"": null, ""admin_area_level_1"": null, ""admin_area_level_2"": null, ""country"": ""Czechia"", ""postal_code"": null, ""formatted_address"": ""Czechia""}";;;12795779;;;208;12795779;;315;;;;;;D2Z7DY;;;;
4135;68407122;ponechat;merge;1;7;7;Základní škola a Mateřská škola – Na dlouhém lánu 555/43, Praha 6 - Vokovice;11629944;[5];;;;;;7;2021-05-17T13:09:48Z;2026-09-05T11:21:02Z;False;Na dlouhém lánu 555/43, Praha 6 - Vokovice;;;;;;Hlavní město Praha;;;;;226;[205];;68407122;[289];24;3624;rriedlova@zsdlouhylan.cz;;;;;;357;"{""value"": ""Czech republic"", ""subpremise"": null, ""street_number"": null, ""route"": null, ""sublocality"": null, ""locality"": null, ""admin_area_level_1"": null, ""admin_area_level_2"": null, ""country"": ""Czechia"", ""postal_code"": null, ""formatted_address"": ""Czechia""}";2029-09-01;;12795779;http://www.zsdlouhylan.cz;;208;11629944;235354368;315;;[269, 270, 272];386;;iveta@vividbooks.com;E958KR;;572;;215
39677;68407122;sloucit;merge;0;0;3;Základní škola a Mateřská škola, Praha 6, Na Dlouhém lánu 43;12795779;[];;;;;;7;2026-02-12T07:16:57Z;2026-08-18T10:26:29Z;False;Hlavní město Praha;;;;;Prague;Prague;Hlavní město Praha;;Czechia;Prague, Czechia;226;;;68407122 ;;;;;;;;;;;"{""value"": ""Czech republic"", ""subpremise"": null, ""street_number"": null, ""route"": null, ""sublocality"": null, ""locality"": null, ""admin_area_level_1"": null, ""admin_area_level_2"": null, ""country"": ""Czechia"", ""postal_code"": null, ""formatted_address"": ""Czechia""}";;;;;;208;;;;;;;;iveta@vividbooks.com;DD35VH;;;;
2873;68729928;ponechat;easy;0;4;7;Základní škola a Mateřská škola – Masarykova 178, Vranovice;11629944;[];;;;;;7;2021-05-17T13:02:18Z;2026-03-13T10:48:56Z;False;Masarykova 178, Vranovice;;;;;;Jihomoravský kraj;;;;;226;;;68729928;;24;9324;reditelka@skolavranovice.cz;;;;;;170;"{""value"": ""Czech republic"", ""subpremise"": null, ""street_number"": null, ""route"": null, ""sublocality"": null, ""locality"": null, ""admin_area_level_1"": null, ""admin_area_level_2"": null, ""country"": ""Czechia"", ""postal_code"": null, ""formatted_address"": ""Czechia""}";;;14063023;http://www.skolavranovice.cz;;208;14063023;730151123;315;;;;;eva.b@vividbooks.com;CLW66N;;324;;154
39206;68729928;sloucit;easy;0;0;0;Základní škola a Mateřská škola Vranovice, příspěvková organizace;14063023;[];;;;;;7;2025-04-25T15:14:39Z;2025-05-08T17:15:33Z;False;Jihomoravský kraj;;;;;;South Moravian Region;;;Czechia;South Moravian Region, Czechia;225;;; 68729928;;;;;;;;;;;"{""value"": ""Czech republic"", ""subpremise"": null, ""street_number"": null, ""route"": null, ""sublocality"": null, ""locality"": null, ""admin_area_level_1"": null, ""admin_area_level_2"": null, ""country"": ""Czechia"", ""postal_code"": null, ""formatted_address"": ""Czechia""}";;;14063023;;;208;14063023;;315;;;;;;NLHGX3;;;;
3776;69781761;ponechat;easy;1;8;12;Základní škola – Nepomucká 139/1, Praha 5 - Košíře;11629944;[5];;;;;;7;2021-05-17T13:07:37Z;2026-09-01T09:10:55Z;False;Nepomucká 139/1, Košíře, Praha 5, 15000;;1;Nepomucká;Praha 5;;Hlavní město Praha;Hlavní město Praha;150 00;Czechia;Nepomucká 139/1, 150 00 Praha 5-Košíře, Czechia;226;[205];;69781761;[288];24;19181;t.obdrzalek@nepomucka.cz;;;;;;355;"{""value"": ""Czech republic"", ""subpremise"": null, ""street_number"": null, ""route"": null, ""sublocality"": null, ""locality"": null, ""admin_area_level_1"": null, ""admin_area_level_2"": null, ""country"": ""Czechia"", ""postal_code"": null, ""formatted_address"": ""Czechia""}";;;12795779;http://www.nepomucka.cz;;208;12795779;257217828;315;;;;;iveta@vividbooks.com;BN9FAQ;;592;;237
39431;69781761;sloucit;easy;0;0;0;Základní škola Praha 5 - Košíře, Nepomucká 1/139, příspěvková organizace;12795779;[];;;;;;7;2025-09-12T18:55:43Z;2026-08-25T04:01:50Z;False;Hlavní město Praha;;;;;Prague;Prague;Hlavní město Praha;;Czechia;Prague, Czechia;226;;; 69781761;;;;;;;;;;;"{""value"": ""Czech republic"", ""subpremise"": null, ""street_number"": null, ""route"": null, ""sublocality"": null, ""locality"": null, ""admin_area_level_1"": null, ""admin_area_level_2"": null, ""country"": ""Czechia"", ""postal_code"": null, ""formatted_address"": ""Czechia""}";;;;;;208;;;;;;;;iveta@vividbooks.com;DRGCDQ;;;;
4343;69781877;ponechat;easy;0;5;7;Základní škola a mateřská škola – Weberova 1090/1, Praha 5 - Košíře;11629944;[140];;;;;;7;2021-05-17T13:11:00Z;2026-04-23T04:57:43Z;False;Weberova 1090/1, Praha 5 - Košíře;;;;;;Hlavní město Praha;;;;;226;[205];;69781877;[289];24;3831;reditel@zsweberova.cz;;;;18026774;;366;"{""value"": ""Czech republic"", ""subpremise"": null, ""street_number"": null, ""route"": null, ""sublocality"": null, ""locality"": null, ""admin_area_level_1"": null, ""admin_area_level_2"": null, ""country"": ""Czechia"", ""postal_code"": null, ""formatted_address"": ""Czechia""}";2024-11-30;;12795779;www.zsweberova.cz;;208;;257211335;;;[269, 270];386;;iveta@vividbooks.com;JTJHFU;;688;;322
39651;69781877;sloucit;easy;0;0;0;697 818 77;11629944;[];;;;;;7;2026-02-07T12:33:21Z;2026-02-11T18:09:17Z;False;;;;;;;;;;;;225;;;697 818 77;;;;;;;;;;;"{""value"": ""Czech Republic"", ""subpremise"": """", ""street_number"": """", ""route"": """", ""sublocality"": """", ""locality"": """", ""admin_area_level_1"": """", ""admin_area_level_2"": """", ""country"": ""Czechia"", ""postal_code"": """", ""formatted_address"": ""Czechia""}";;;;;;;;;;;;;;;;;;;
3634;70436169;ponechat;merge;0;2;5;Základní škola a Mateřská škola – Větrná 1063, Uherské Hradiště;11629944;[];;;;;;7;2021-05-17T13:06:43Z;2026-08-21T18:04:46Z;False;Větrná 1063, Uherské Hradiště;;;;;;Zlínský kraj;;;;;226;;;70436169;;24;19773;zsvychod@zsvetrna.cz;;;;;;169;"{""value"": ""Czechia"", ""subpremise"": """", ""street_number"": """", ""route"": """", ""sublocality"": """", ""locality"": """", ""admin_area_level_1"": """", ""admin_area_level_2"": """", ""country"": ""Czechia"", ""postal_code"": """", ""formatted_address"": ""Czechia""}";;;14063023;https://www.zsvetrna.cz/;;208;14063023;572434412;315;;;;;eva.b@vividbooks.com;5HYRVL;;367;;198
39493;70436169;sloucit;merge;0;0;3;Základní škola a Mateřská škola, Uherské Hradiště, Větrná 1063, příspěvková organizace;14063023;[];;;;;;7;2025-10-05T17:00:08Z;2026-09-07T17:49:40Z;False;Zlínský kraj;;;;;;Zlín Region;;;Czechia;Zlín Region, Czechia;225;;;	70436169;;;;;;;;;;;"{""value"": ""Czech republic"", ""subpremise"": null, ""street_number"": null, ""route"": null, ""sublocality"": null, ""locality"": null, ""admin_area_level_1"": null, ""admin_area_level_2"": null, ""country"": ""Czechia"", ""postal_code"": null, ""formatted_address"": ""Czechia""}";;;;;;208;;;;;;;;;STAZCP;;;;
4119;70631026;ponechat;easy;0;2;6;Fakultní základní škola – Hálkova 335/4, Olomouc;11629944;[];;;;;;7;2021-05-17T13:09:41Z;2026-09-05T10:42:26Z;False;Hálkova 335/4, Hodolany, 77900 Olomouc;;4;Hálkova;;;Olomoucký kraj;Olomouc;779 00;Czechia;Hálkova 335/4, 779 00 Olomouc-Olomouc 9, Czechia;226;;;70631026;;24;3608;zshalkova@zshalkova.cz;;;;;;318;"{""value"": ""Czech republic"", ""subpremise"": null, ""street_number"": null, ""route"": null, ""sublocality"": null, ""locality"": null, ""admin_area_level_1"": null, ""admin_area_level_2"": null, ""country"": ""Česko"", ""postal_code"": null, ""formatted_address"": ""Česko""}";;;;http://www.zshalkova.cz;;208;;585519144;;;;;;eva.b@vividbooks.com;NQ44EP;;489;;171
39212;70631026;sloucit;easy;0;0;0;Fakultní základní škola Olomouc, Hálkova 4, příspěvková organizace;14063023;[];;;;;;7;2025-04-29T05:39:33Z;2025-05-13T17:04:40Z;False;Olomoucký kraj;;;;;;Olomouc Region;;;Czechia;Olomouc Region, Czechia;225;;;	70631026;;;;;;;;;;;"{""value"": ""Czech republic"", ""subpremise"": null, ""street_number"": null, ""route"": null, ""sublocality"": null, ""locality"": null, ""admin_area_level_1"": null, ""admin_area_level_2"": null, ""country"": ""Czechia"", ""postal_code"": null, ""formatted_address"": ""Czechia""}";;;14063023;;;208;14063023;;315;;;;;;NQ44EP;;;;
2862;70641871;ponechat;easy;1;5;4;Základní škola a mateřská škola – Bílovecká 10/7, Ostrava;11629944;[];;;;;;7;2021-05-17T13:02:11Z;2026-09-05T10:42:26Z;False;Bílovecká 10/7, Ostrava;;;;;;Moravskoslezský kraj;;;;;226;;;70641871;;24;2362;zssvinov@zssvinov.cz;;;;;;213;"{""value"": ""Czech republic"", ""subpremise"": null, ""street_number"": null, ""route"": null, ""sublocality"": null, ""locality"": null, ""admin_area_level_1"": null, ""admin_area_level_2"": null, ""country"": ""Czechia"", ""postal_code"": null, ""formatted_address"": ""Czechia""}";;;14063023;www.zssvinov.cz;;208;14063023;596961425;315;;;;;eva.b@vividbooks.com;55RYNB;;366;;153
39679;70641871;sloucit;easy;0;0;0;Základní škola a mateřská škola Ostrava-Svinov, příspěvková organizace;14063023;[];;;;;;7;2026-02-13T08:29:52Z;2026-02-18T12:39:22Z;False;Moravskoslezský kraj;;;;;;Moravian-Silesian Region;;;Czechia;Moravian-Silesian Region, Czechia;225;;;70641871 ;;;;;;;;;;;"{""value"": ""Czech republic"", ""subpremise"": null, ""street_number"": null, ""route"": null, ""sublocality"": null, ""locality"": null, ""admin_area_level_1"": null, ""admin_area_level_2"": null, ""country"": ""Czechia"", ""postal_code"": null, ""formatted_address"": ""Czechia""}";;;;;;208;;;;;;;;;U4MFKT;;;;
8641;70659133;ponechat;merge;0;2;1;Základní škola a Mateřská škola Hořepník;11629944;[];;;;;;7;2022-11-25T12:05:38Z;2026-04-30T11:01:07Z;False;náměstí Prof. Bechyně 53, 39421 Hořepník;;53;Náměstí Profesora Bechyně;;Hořepník;Kraj Vysočina;Pelhřimov;394 21;Czechia;Nám. Prof. Bechyně 53/53, 394 21 Hořepník, Czechia;226;;;706 591 33;;24;10412;;11;;;;;46;"{""value"": ""Czechia"", ""subpremise"": """", ""street_number"": """", ""route"": """", ""sublocality"": """", ""locality"": """", ""admin_area_level_1"": """", ""admin_area_level_2"": """", ""country"": ""Czechia"", ""postal_code"": """", ""formatted_address"": ""Czechia""}";;;18026774;https://www.zshorepnik.cz/;;208;18026774;564 034 958, 725 434 025;315;;;;;;;;76;;30
35488;70659133;sloucit;merge;0;0;1;Základní škola a Mateřská škola – Nám. Prof. Bechyně 53, Hořepník;11629944;[412];;;;;;7;2024-10-23T09:30:24Z;2025-11-11T15:12:39Z;False;Nám. Prof. Bechyně 53, Hořepník;;;;;;Kraj Vysočina;;;;;226;;;70659133;;24;;reditel@zshorepnik.cz;;;;;;41;"{""value"": ""Czechia"", ""subpremise"": """", ""street_number"": """", ""route"": """", ""sublocality"": """", ""locality"": """", ""admin_area_level_1"": """", ""admin_area_level_2"": """", ""country"": ""Czechia"", ""postal_code"": """", ""formatted_address"": ""Czechia""}";;;;;;;;564034958;;;;;;;;;74;;33
6739;70695521;ponechat;merge;1;2;1;Základní škola a Mateřská škola – č.p. 236, Čistá u Horek;11629944;[5];;;;;;7;2021-09-27T11:48:20Z;2026-08-28T01:01:15Z;False;č.p. 236, Čistá u Horek;;;;;;Liberecký kraj;;;;;226;[205];;70695521;;24;;info@podhurou.cz;;;;;371;39;"{""value"": ""Czech republic"", ""subpremise"": null, ""street_number"": null, ""route"": null, ""sublocality"": null, ""locality"": null, ""admin_area_level_1"": null, ""admin_area_level_2"": null, ""country"": ""Czechia"", ""postal_code"": null, ""formatted_address"": ""Czechia""}";2028-01-31;;12116814;;;208;;606170078;;;;386;;jiri@vividbooks.com;WL6T9Q;;78;;39
39837;70695521;sloucit;merge;1;0;2;Základní škola a Mateřská škola Čistá u Horek p.o.;11629944;[];;;;;;7;2026-08-05T09:43:43Z;2026-09-02T15:04:29Z;False;;;;;;;;;;;;225;;;70695521;;;;;;;;;;;"{""value"": ""Czech republic"", ""subpremise"": null, ""street_number"": null, ""route"": null, ""sublocality"": null, ""locality"": null, ""admin_area_level_1"": null, ""admin_area_level_2"": null, ""country"": ""Czechia"", ""postal_code"": null, ""formatted_address"": ""Czechia""}";;;18026774;https://www.podhurou.cz/;;208;;;;;;;;;WL6T9Q;;;;
35517;70839824;ponechat;merge;0;1;3;Základní škola praktická – Neklanova 1807, Roudnice nad Labem;11629944;[412];;;;;;7;2024-10-23T09:30:54Z;2026-05-26T12:54:42Z;False;Neklanova 1807, Roudnice nad Labem;;;;;;Ústecký kraj;;;;;226;;;70839824;;24;;hubalkova.radka@zsprce.cz;;;;;;40;"{""value"": ""Czech republic"", ""subpremise"": null, ""street_number"": null, ""route"": null, ""sublocality"": null, ""locality"": null, ""admin_area_level_1"": null, ""admin_area_level_2"": null, ""country"": ""Czechia"", ""postal_code"": null, ""formatted_address"": ""Czechia""}";;;12795779;;;208;12795779;416837458;315;;;;;iveta@vividbooks.com;UTXEPQ;;79;;39
39748;70839824;sloucit;merge;0;1;1;Základní škola speciální, Roudnice nad Labem, Neklanova 1807, příspěvková organizace;12795779;[];;;;;;7;2026-04-09T17:11:47Z;2026-04-24T07:31:12Z;False;Ústecký kraj;;;;;;Ústí nad Labem Region;;;Czechia;Ústí nad Labem Region, Czechia;226;;;70839824 ;;;;;;;;;;;"{""value"": ""Czech republic"", ""subpremise"": null, ""street_number"": null, ""route"": null, ""sublocality"": null, ""locality"": null, ""admin_area_level_1"": null, ""admin_area_level_2"": null, ""country"": ""Czechia"", ""postal_code"": null, ""formatted_address"": ""Czechia""}";;;;;;208;;;;;;;;iveta@vividbooks.com;UTXEPQ;;;;
2611;70877441;ponechat;merge;0;6;6;ZŠ Hany Benešové a MŠ – Dolní Bory 161, Bory;11629944;[];;;;;;7;2021-05-17T13:00:50Z;2026-07-28T13:04:25Z;False;Dolní Bory 161, Bory;;;;;;Kraj Vysočina;;;;;226;;;70877441;;24;28321;o.bachr@zsbory.cz;;;;;;96;"{""value"": ""Czechia"", ""subpremise"": """", ""street_number"": """", ""route"": """", ""sublocality"": """", ""locality"": """", ""admin_area_level_1"": """", ""admin_area_level_2"": """", ""country"": ""Czechia"", ""postal_code"": """", ""formatted_address"": ""Czechia""}";;;12795779;https://www.zsbory.cz/;;208;12795779;566535177;315;;;;;iveta@vividbooks.com;SWUSPT;;176;;80
39582;70877441;sloucit;merge;0;1;1;Základní škola Hany Benešové a Mateřská škola Bory, příspěvková organizace;12116814;[];;;;;;7;2025-12-23T20:08:21Z;2026-02-13T09:02:09Z;False;Kraj Vysočina;;;;;;Vysočina Region;;;Czechia;Vysočina Region, Czechia;226;;;70877441	;;;;;;;;;;;"{""value"": ""Czech republic"", ""subpremise"": null, ""street_number"": null, ""route"": null, ""sublocality"": null, ""locality"": null, ""admin_area_level_1"": null, ""admin_area_level_2"": null, ""country"": null, ""postal_code"": null, ""formatted_address"": null}";;;;;;208;;;;;;;;jiri@vividbooks.com;SZ9G2H;;;;
3426;70879010;ponechat;merge;0;3;5;Základní škola T. G. Masaryka – Husova 445, Podbořany;11629944;[];;;;;;7;2021-05-17T13:05:31Z;2026-08-22T08:08:13Z;False;Husova 445, Podbořany;;;;;;Ústecký kraj;;;;;226;;;70879010;;24;2922;reditelka@zstgm-podborany.cz;;;;;;195;"{""value"": ""Czechia"", ""subpremise"": """", ""street_number"": """", ""route"": """", ""sublocality"": """", ""locality"": """", ""admin_area_level_1"": """", ""admin_area_level_2"": """", ""country"": ""Czechia"", ""postal_code"": """", ""formatted_address"": ""Czechia""}";;;12795779;www.zstgm-podborany.cz;;208;18026796;415214022;315;;;;;iveta@vividbooks.com;65LW6D;;316;;121
36772;70879010;sloucit;merge;0;1;1;ZŠ TGM Husova 445,Podborany;12795779;[];;;;;;7;2024-11-07T16:48:33Z;2026-05-15T17:24:11Z;False;Ústecký kraj;;;;;;Ústí nad Labem Region;;;Czechia;Ústí nad Labem Region, Czechia;225;;;70879010;;24;;;;;;;;;"{""value"": ""Czech republic"", ""subpremise"": null, ""street_number"": null, ""route"": null, ""sublocality"": null, ""locality"": null, ""admin_area_level_1"": null, ""admin_area_level_2"": null, ""country"": ""Czechia"", ""postal_code"": null, ""formatted_address"": ""Czechia""}";;;12795779;;;208;12795779;;315;;;;;;65LW6D;;;180;
4479;70918805;ponechat;easy;3;11;19;ZŠ a MŠ Dr. Edvarda Beneše – náměstí Jiřího Berana 500/1, Praha 9 - Čakovice;11629944;[5];;;;;;7;2021-05-17T13:11:51Z;2026-09-07T08:05:50Z;False;náměstí Jiřího Berana 500/1, Praha 9 - Čakovice;;;;;;Hlavní město Praha;;;;;226;[205];;70918805;[289];24;1631;zscakovice@zscakovice.cz;;;;18026774;;777;"{""value"": ""Czech republic"", ""subpremise"": null, ""street_number"": null, ""route"": null, ""sublocality"": null, ""locality"": null, ""admin_area_level_1"": null, ""admin_area_level_2"": null, ""country"": ""Czechia"", ""postal_code"": null, ""formatted_address"": ""Czechia""}";2027-11-21;;12795779;http://www.zscakovice.cz, https://zscakovice.cz/;;208;12795779;603804823;315;;[270, 272];386;;iveta@vividbooks.com;J9AU4Q;;1378;;601
39662;70918805;sloucit;easy;0;0;0;Základní škola a Mateřská škola Dr. Edvarda Beneše, Praha-Čakovice;12795779;[];;;;;;7;2026-02-09T10:09:52Z;2026-08-26T07:39:23Z;False;Hlavní město Praha;;;;;Prague;Prague;Hlavní město Praha;;Czechia;Prague, Czechia;225;;;	70918805;;;;;;;;;;;"{""value"": ""Czech republic"", ""subpremise"": null, ""street_number"": null, ""route"": null, ""sublocality"": null, ""locality"": null, ""admin_area_level_1"": null, ""admin_area_level_2"": null, ""country"": ""Czechia"", ""postal_code"": null, ""formatted_address"": ""Czechia""}";;;;;;208;;;;;;;;;UAWVXT;;;;
4251;70944687;ponechat;easy;0;5;6;Základní škola a mateřská škola – Kosmonautů 2217/15, Ostrava;11629944;[];;;;;;7;2021-05-17T13:10:27Z;2026-08-25T13:10:22Z;False;Kosmonautů 2217/15, Ostrava;;;;;;Moravskoslezský kraj;;;;;226;;;70944687;;24;3739;sekretariat@kosmonautu15.cz;;;;;;360;"{""value"": ""Czech republic"", ""subpremise"": null, ""street_number"": null, ""route"": null, ""sublocality"": null, ""locality"": null, ""admin_area_level_1"": null, ""admin_area_level_2"": null, ""country"": ""Czechia"", ""postal_code"": null, ""formatted_address"": ""Czechia""}";;;14063023;www.kosmonautu15.cz;;208;;596746735;;;;;;eva.b@vividbooks.com;ZR8YVL;;609;;249
39694;70944687;sloucit;easy;0;0;0;Základní škola a mateřská škola Ostrava-Zábřeh, Kosmonautů, příspěvková organizace;14063023;[];;;;;;7;2026-02-18T08:29:15Z;2026-03-04T14:11:51Z;False;Moravskoslezský kraj;;;;;;Moravian-Silesian Region;;;Czechia;Moravian-Silesian Region, Czechia;225;;;	70944687;;;;;;;;;;;"{""value"": ""Czech republic"", ""subpremise"": null, ""street_number"": null, ""route"": null, ""sublocality"": null, ""locality"": null, ""admin_area_level_1"": null, ""admin_area_level_2"": null, ""country"": ""Czechia"", ""postal_code"": null, ""formatted_address"": ""Czechia""}";;;;;;208;;;;;;;;;9XGLMV;;;;
34872;70984328;sloucit;easy;0;0;0;Základní škola a Mateřská škola – č.p. 86, Kluky;11629944;[];;;;;;7;2024-10-23T09:24:34Z;2024-11-15T01:03:05Z;False;č.p. 86, Kluky;;;;;;Jihočeský kraj;;;;;226;;;70984328;;24;;zsamskluky@seznam.cz;;;;;;52;"{""value"": ""Czechia"", ""subpremise"": """", ""street_number"": """", ""route"": """", ""sublocality"": """", ""locality"": """", ""admin_area_level_1"": """", ""admin_area_level_2"": """", ""country"": ""Czechia"", ""postal_code"": """", ""formatted_address"": ""Czechia""}";;;;;;;;382286515;;;;;;;;;52;;0
38873;70984328;ponechat;easy;0;2;1;Základní škola a Mateřská škola Kluky, okr. Písek;12116814;[];;;;;;7;2025-03-17T12:03:56Z;2026-06-24T10:59:03Z;False;Kluky 86 398 19 Kluky u Písku;;;;;Kluky;Jihočeský kraj;Písek;398 19;Czechia;Kluky 86, 398 19 Kluky, Czechia;225;;;70984328;;24;;;;;;;;;"{""value"": ""Czech republic"", ""subpremise"": null, ""street_number"": null, ""route"": null, ""sublocality"": null, ""locality"": null, ""admin_area_level_1"": null, ""admin_area_level_2"": null, ""country"": ""Czechia"", ""postal_code"": null, ""formatted_address"": ""Czechia""}";;;12116814;;;208;12116814;;315;;;;;jiri@vividbooks.com;W4BL6J;;;;
35656;70987700;ponechat;merge;1;2;3;Základní škola – Vrchlického 401/5, Ostrava;11629944;[5];;;;;;7;2024-10-23T09:39:55Z;2026-05-19T19:48:50Z;False;Vrchlického 401/5, Ostrava;;;;;;Moravskoslezský kraj;;;;;226;[205];;70987700;[418];24;21275;zsvrchlickeho@seznam.cz;;;;;;206;"{""value"": ""Czech republic"", ""subpremise"": null, ""street_number"": null, ""route"": null, ""sublocality"": null, ""locality"": null, ""admin_area_level_1"": null, ""admin_area_level_2"": null, ""country"": ""Czechia"", ""postal_code"": null, ""formatted_address"": ""Czechia""}";2026-01-30;;12116814;https://zsvrchlickeho.cz/;;208;18026774;596232129;315;;;;;jiri@vividbooks.com;AEVZLX;;366;;160
37190;70987700;sloucit;merge;0;3;2;Základní škola Ostrava-Radvanice, Vrchlického 5, příspěvková organizace;12116814;[];;;;;;7;2024-12-02T21:07:18Z;2026-06-30T12:30:14Z;False;Vrchlického 401/5, 716 00 Ostrava 16-Radvanice, Czechia;;5;Vrchlického;;;Moravskoslezský kraj;Ostrava-město;716 00;Czechia;Vrchlického 401/5, 716 00 Ostrava-Radvanice a Bartovice, Czechia;225;;;70987700;;24;;;;;;;;;"{""value"": ""Czech republic"", ""subpremise"": null, ""street_number"": null, ""route"": null, ""sublocality"": null, ""locality"": null, ""admin_area_level_1"": null, ""admin_area_level_2"": null, ""country"": ""Czechia"", ""postal_code"": null, ""formatted_address"": ""Czechia""}";;;12116814;;;208;14063023;;315;;;;;jiri@vividbooks.com;AEVZLX;;;;
4707;70989605;ponechat;easy;2;15;9;Základní škola a Mateřská škola – č.p. 34, Jevišovice;11629944;[5];;;;;;7;2021-05-29T14:57:28Z;2026-09-08T09:07:40Z;False;č.p. 34, Jevišovice;;;;;;Jihomoravský kraj;;;;;226;[205];;70989605, 709 896 05;[288, 289];24;2413;zs.jevisovice@skolyjm.cz;;;;;371;128;"{""value"": ""Czech republic"", ""subpremise"": null, ""street_number"": null, ""route"": null, ""sublocality"": null, ""locality"": null, ""admin_area_level_1"": null, ""admin_area_level_2"": null, ""country"": ""Czechia"", ""postal_code"": null, ""formatted_address"": ""Czechia""}";2030-09-05;;14063023;http://www.zsmsjevisovice.cz;;208;14063023;515231139;315;;[269, 270, 272];386;;eva.b@vividbooks.com;FKAYZG;;213;;85
39293;70989605;sloucit;easy;0;0;0;709 896 05;;;;;;;;;2025-06-25;2026-01-14;JIZ SLOUCENO 2026-09-08 do 4707 - jen zakladni pole ze skenu 7.9.;;;;;;;;;;;;;;;709 896 05;;;;;;;;;;;;;;;;;;;;;;;;;;;;;;
3946;70994994;ponechat;easy;1;7;8;Základní škola – Palackého 278, Bakov nad Jizerou;11629944;[5];;;;;;7;2021-05-17T13:08:35Z;2026-07-24T07:08:32Z;False;Palackého 278, Bakov nad Jizerou;;;;;;Středočeský kraj;;;;;226;[205];;70994994;[289];24;3435;info@zsbakovnj.cz;;;;18026774;;275;"{""value"": ""Czech republic"", ""subpremise"": null, ""street_number"": null, ""route"": null, ""sublocality"": null, ""locality"": null, ""admin_area_level_1"": null, ""admin_area_level_2"": null, ""country"": ""Czechia"", ""postal_code"": null, ""formatted_address"": ""Czechia""}";2027-06-30;;12795779;http://www.zsbakovnj.cz/;;208;18026774;326781178;315;;[269, 270];386;;iveta@vividbooks.com;VCQZ9H;;468;;193
39720;70994994;sloucit;easy;0;0;0;Základní škola Bakov nad Jizerou,okres Mladá BoleslaV;18026774;[];;;;;;7;2026-03-03T10:29:50Z;2026-03-04T01:00:22Z;False;Středočeský kraj;;;;;;Central Bohemian Region;;;Czechia;Central Bohemian Region, Czechia;225;;;70994994;;;;;;;;;;;"{""value"": ""Czech Republic"", ""subpremise"": """", ""street_number"": """", ""route"": """", ""sublocality"": """", ""locality"": """", ""admin_area_level_1"": """", ""admin_area_level_2"": """", ""country"": ""Czechia"", ""postal_code"": """", ""formatted_address"": ""Czechia""}";;;;;;;;;;;;;;;;;;;
4504;71001514;ponechat;merge;0;3;9;Základní škola – Tyršova 611, Židlochovice;11629944;[];;;;;;7;2021-05-17T13:12:01Z;2026-09-07T17:49:40Z;False;Tyršova 611, Židlochovice;;;;;;Jihomoravský kraj;;;;;226;;;71001514;;24;7044;info@zszidlochovice.cz;;;;;;250;"{""value"": ""Czech republic"", ""subpremise"": null, ""street_number"": null, ""route"": null, ""sublocality"": null, ""locality"": null, ""admin_area_level_1"": null, ""admin_area_level_2"": null, ""country"": ""Česko"", ""postal_code"": null, ""formatted_address"": ""Česko""}";;;14063023;http://www.zszidlochovice.cz;;208;14063023;547425421;315;;;;;eva.b@vividbooks.com;REDR8P;;939;;689
36271;71001514;sloucit;merge;1;1;11;Základní škola Židlochovice, okres Brno-venkov, příspěvková organizace;14063023;[];https://www.zszidlochovice.cz/;;;;;7;2024-10-28T16:50:39Z;2026-09-03T09:35:33Z;False;Jihomoravský kraj;;;;;;South Moravian Region;;;Czechia;South Moravian Region, Czechia;226;;;71001514;;24;7044;;;;;;;;"{""value"": ""Czech republic"", ""subpremise"": null, ""street_number"": null, ""route"": null, ""sublocality"": null, ""locality"": null, ""admin_area_level_1"": null, ""admin_area_level_2"": null, ""country"": ""Czechia"", ""postal_code"": null, ""formatted_address"": ""Czechia""}";;;14063023;https://www.zszidlochovice.cz/;;208;14063023;;315;;;;;eva.b@vividbooks.com;REDR8P;;930;;
3163;71012117;ponechat;merge;0;4;3;Základní škola a mateřská škola – Paříkovo nám. 133, Třebenice;11629944;[];;;;;;7;2021-05-17T13:03:57Z;2026-04-14T07:32:43Z;False;Paříkovo nám. 133, Třebenice;;;;;;;;;;;226;;;71012117;;24;2663;reditel@zstrebenice.cz;;;;;;168;"{""value"": ""Czech republic"", ""subpremise"": null, ""street_number"": null, ""route"": null, ""sublocality"": null, ""locality"": null, ""admin_area_level_1"": null, ""admin_area_level_2"": null, ""country"": ""Czechia"", ""postal_code"": null, ""formatted_address"": ""Czechia""}";;;12795779;http://www.zstrebenice.cz, https://www.zstrebenice.cz/zakladni-skola/ucitelsky-sbor/;;208;12795779;774000252;315;;;;;iveta@vividbooks.com;BHZEJ7;;301;;133
36061;71012117;sloucit;merge;0;2;2;Základní škola a mateřská škola – Paříkovo nám. 133, Třebenice;12795779;[];;;;;;7;2024-10-24T18:48:24Z;2026-08-07T16:54:33Z;False;Paříkovo nám. 133, Třebenice;;;Paříkovo náměstí;;;Ústecký kraj;Litoměřice;411 13;Czechia;Paříkovo nám. 133, 411 13 Třebenice, Czechia;226;;;71012117;;24;;reditel@zstrebenice.cz;;;;;;168;"{""value"": ""Czech republic"", ""subpremise"": null, ""street_number"": null, ""route"": null, ""sublocality"": null, ""locality"": null, ""admin_area_level_1"": null, ""admin_area_level_2"": null, ""country"": ""Czechia"", ""postal_code"": null, ""formatted_address"": ""Czechia""}";;;12795779;;;208;12795779;774000252;315;;;;;iveta@vividbooks.com;MY4D4J;;301;;133
27764;71340858;ponechat;merge;0;8;3;Soukromá MŠ a ZŠ Petrklíč – náměstí Osvoboditelů 1368/27, Praha 5 - Radotín;11629944;[140];;;;;;7;2024-06-07T23:18:15Z;2026-05-18T11:34:40Z;False;náměstí Osvoboditelů 1368/27, Praha 5 - Radotín;;;;;;;;;;;226;;;71340858;[288, 289];24;;centrum@petrklic.net;;[346, 347, 348];;;;57;"{""value"": ""Czech republic"", ""subpremise"": null, ""street_number"": null, ""route"": null, ""sublocality"": null, ""locality"": null, ""admin_area_level_1"": null, ""admin_area_level_2"": null, ""country"": ""Česko"", ""postal_code"": null, ""formatted_address"": ""Česko""}";2025-12-30;;12795779;https://www.petrklic.net/;;208;11629944;257812230;315;;[269, 270, 272];;;iveta@vividbooks.com;K3SZD5;;57;;0
28459;71340858;sloucit;merge;0;0;1;Soukromá MŠ a ZŠ Petrklíč – náměstí Osvoboditelů 1368/27, Praha 5 - Radotín;12795779;[];;;;;;7;2024-10-07T19:10:10Z;2026-05-18T11:36:34Z;False;náměstí Osvoboditelů 1368/27, Praha 5 - Radotín;;27;náměstí Osvoboditelů;Praha 16;;Hlavní město Praha;Hlavní město Praha;153 00;Czechia;nám. Osvoboditelů 1368/27, 153 00 Praha 16, Czechia;226;;;71340858;;24;;centrum@petrklic.net;;;;;;57;"{""value"": ""Czechia"", ""subpremise"": """", ""street_number"": """", ""route"": """", ""sublocality"": """", ""locality"": """", ""admin_area_level_1"": """", ""admin_area_level_2"": """", ""country"": ""Czechia"", ""postal_code"": """", ""formatted_address"": ""Czechia""}";;;12795779;;;208;12795779;257812230;315;;;;;;U6RQX9;;57;;0
2736;71341269;sloucit;merge;0;2;2;NOE - Křesťanská ZŠ a MŠ v Pardubicích – Lonkova 512, Pardubice;11629944;[];;;;;;7;2021-05-17T13:01:30Z;2026-06-03T09:27:02Z;False;Lonkova 512, Pardubice;;;;;;Pardubický kraj;;;;;226;;;71341269;;24;2236;reditel@skola-noe.cz;;;;;;105;"{""value"": ""Czech republic"", ""subpremise"": null, ""street_number"": null, ""route"": null, ""sublocality"": null, ""locality"": null, ""admin_area_level_1"": null, ""admin_area_level_2"": null, ""country"": ""Czechia"", ""postal_code"": null, ""formatted_address"": ""Czechia""}";;;12116814;http://www.skola-noe.cz;;208;18026774;607051115;315;;;;;jiri@vividbooks.com;66TQ7W;;185;;80
36973;71341269;ponechat;merge;1;6;4;NOE - Křesťanská základní škola a mateřská škola v Pardubicích;11629944;[5];;;;;;7;2024-11-17T20:45:26Z;2026-08-07T16:48:50Z;False;Lonkova 512, Polabiny, Pardubice, 53009;;;Lonkova;Pardubice II;;Pardubický kraj;Pardubice;530 09;Czechia;Lonkova 512, 530 09 Pardubice-Pardubice II, Czechia;226;[205];;71341269;[288];24;;;;[347];;;;;"{""value"": ""Czech republic"", ""subpremise"": null, ""street_number"": null, ""route"": null, ""sublocality"": null, ""locality"": null, ""admin_area_level_1"": null, ""admin_area_level_2"": null, ""country"": ""Czechia"", ""postal_code"": null, ""formatted_address"": ""Czechia""}";;;12795779;;;208;12795779;;315;;;;;iveta@vividbooks.com;PLDQLH;;;;
2808;71341340;ponechat;merge;0;4;2;MŠ, ZŠ a gymnázium sv. Augustina – Hornokrčská 709/3, Praha 4 - Krč;11629944;[];;;;;;7;2021-05-17T13:01:55Z;2026-07-28T10:23:40Z;False;Hornokrčská 709/3, Praha 4 - Krč;;;;;;Hlavní město Praha;;;;;226;;;71341340;;24;2307;skola@skolasvatehoaugustina.cz;;;;;;117;"{""value"": ""Czech republic"", ""subpremise"": null, ""street_number"": null, ""route"": null, ""sublocality"": null, ""locality"": null, ""admin_area_level_1"": null, ""admin_area_level_2"": null, ""country"": ""Česko"", ""postal_code"": null, ""formatted_address"": ""Česko""}";;;12795779;http://www.skolasvatehoaugustina.cz;;208;18026796;602684538;315;;;;;iveta@vividbooks.com;VWHSDU;;187;;70
36938;71341340;sloucit;merge;0;0;1;MŠ, ZŠ a gymnázium sv. Augustina;12795779;[];;;;;;7;2024-11-14T17:37:55Z;2026-05-14T06:13:48Z;False;Hlavní město Praha;;;;;Prague;Prague;Hlavní město Praha;;Czechia;Prague, Czechia;225;;;71341340;;24;;;;;;;;;"{""value"": ""Czech republic"", ""subpremise"": null, ""street_number"": null, ""route"": null, ""sublocality"": null, ""locality"": null, ""admin_area_level_1"": null, ""admin_area_level_2"": null, ""country"": ""Czechia"", ""postal_code"": null, ""formatted_address"": ""Czechia""}";;;12795779;;;208;12795779;;315;;;;;;FJ4QT3;;;180;
27527;71341439;ponechat;merge;2;5;3;MŠ a ZŠ Slunečnice – č.p. 113, Okrouhlice;18026774;[5];;;;;;7;2024-05-16T08:57:52Z;2026-09-03T11:41:01Z;False;č.p. 113, Okrouhlice;;;;;;;;;;;226;[205];;71341439;[288, 289];24;;hana.belingerova@seznam.cz;;[347];;;371;34;"{""value"": ""Czech republic"", ""subpremise"": null, ""street_number"": null, ""route"": null, ""sublocality"": null, ""locality"": null, ""admin_area_level_1"": null, ""admin_area_level_2"": null, ""country"": ""Czechia"", ""postal_code"": null, ""formatted_address"": ""Czechia""}";2026-12-08;;18026774;https://www.mszsslunecnice.cz/;;208;18026774;739253341;315;;[269, 270, 271, 272];;;gabriela@vividbooks.com;VD44Z3;;60;;26
36544;71341439;sloucit;merge;0;1;1;MŠ a ZŠ Slunečnice – č.p. 113, Okrouhlice;12116814;[];;;;;;7;2024-11-03T10:37:51Z;2026-05-25T10:37:09Z;False;č.p. 113, Okrouhlice;;;;;Okrouhlice;Kraj Vysočina;Havlíčkův Brod;582 31;Czechia;Okrouhlice 113, 582 31 Okrouhlice, Czechia;226;;;71341439;;24;18430;hana.belingerova@seznam.cz;;;;;;34;"{""value"": ""Czechia"", ""subpremise"": """", ""street_number"": """", ""route"": """", ""sublocality"": """", ""locality"": """", ""admin_area_level_1"": """", ""admin_area_level_2"": """", ""country"": ""Czechia"", ""postal_code"": """", ""formatted_address"": ""Czechia""}";;;12116814;https://www.mszsslunecnice.cz/;;208;12116814;739253341;315;;;;;jiri@vividbooks.com;VD44Z3;;60;;26
4284;72743735;ponechat;merge;0;9;5;Základní škola – Kamenická 1145/50, Děčín;11629944;[];;;;;;7;2021-05-17T13:10:41Z;2026-07-03T08:39:29Z;False;Kamenická 1145/50, Děčín;;;;;;Ústecký kraj;;;;;226;;;72743735;;24;3772;skala@zskamenicka.cz;;;;;371;310;"{""value"": ""Czech republic"", ""subpremise"": null, ""street_number"": null, ""route"": null, ""sublocality"": null, ""locality"": null, ""admin_area_level_1"": null, ""admin_area_level_2"": null, ""country"": ""Czechia"", ""postal_code"": null, ""formatted_address"": ""Czechia""}";;;12795779;http://www.zskamenicka.cz;;208;12795779;412526498;315;;;386;;iveta@vividbooks.com;HV3725;;601;;291
36841;72743735;sloucit;merge;0;0;1;ZŠ Kamenická 1145, Děčín;12795779;[];;;;;;7;2024-11-09T16:55:24Z;2026-05-25T09:52:14Z;False;Ústecký kraj;;;;;;Ústí nad Labem Region;;;Czechia;Ústí nad Labem Region, Czechia;225;;;72743735;;24;;;;;;;;;"{""value"": ""Czech republic"", ""subpremise"": null, ""street_number"": null, ""route"": null, ""sublocality"": null, ""locality"": null, ""admin_area_level_1"": null, ""admin_area_level_2"": null, ""country"": ""Czechia"", ""postal_code"": null, ""formatted_address"": ""Czechia""}";;;12795779;;;208;12795779;;315;;;;;;LATUFL;;;180;
36842;72743735;sloucit;merge;0;0;1;ZŠ Kamenická 1145, Děčín II.;12795779;[];;;;;;7;2024-11-09T16:56:42Z;2026-05-25T12:01:40Z;False;Ústecký kraj;;;;;;Ústí nad Labem Region;;;Czechia;Ústí nad Labem Region, Czechia;225;;;72743735;;24;;;;;;;;;"{""value"": ""Czechia"", ""subpremise"": """", ""street_number"": """", ""route"": """", ""sublocality"": """", ""locality"": """", ""admin_area_level_1"": """", ""admin_area_level_2"": """", ""country"": ""Czechia"", ""postal_code"": """", ""formatted_address"": ""Czechia""}";;;12795779;;;208;12795779;;315;;;;;;29XUX5;;;180;
26145;72744413;ponechat;merge;0;2;4;Základní škola – Komenského 218, Hrob;12795779;[];;;;;;7;2023-11-08T07:11:44Z;2026-08-21T00:00:54Z;False;Komenského 218, 41704 Hrob;;;Komenského;;;Ústecký kraj;Teplice;417 04;Czechia;Komenského 218, 417 04 Hrob, Czechia;226;;;72744413;;24;;info@zshrob.cz;;;;;;105;"{""value"": ""Czech republic"", ""subpremise"": null, ""street_number"": null, ""route"": null, ""sublocality"": null, ""locality"": null, ""admin_area_level_1"": null, ""admin_area_level_2"": null, ""country"": ""Czechia"", ""postal_code"": null, ""formatted_address"": ""Czechia""}";;;12795779;;;208;12795779;417875037;315;;;;;iveta@vividbooks.com;JDAXWU;455;190;;85
28261;72744413;sloucit;merge;0;1;0;Základní škola – Komenského 218, Hrob;12795779;[];;;;;;7;2024-09-05T18:48:55Z;2024-11-22T10:44:05Z;False;Komenského 218, Hrob;;;Komenského;;;Ústecký kraj;Teplice;417 04;Czechia;Komenského 218, 417 04 Hrob, Czechia;226;;;72744413;;24;;info@zshrob.cz;;;;;;105;"{""value"": ""Czechia"", ""subpremise"": """", ""street_number"": """", ""route"": """", ""sublocality"": """", ""locality"": """", ""admin_area_level_1"": """", ""admin_area_level_2"": """", ""country"": ""Czechia"", ""postal_code"": """", ""formatted_address"": ""Czechia""}";;;12795779;;;208;12795779;417875037;315;;;;;iveta@vividbooks.com;JDAXWU;;190;;85
4152;72744430;sloucit;merge;0;3;3;Základní škola, příspěvková organizace – U nemocnice 1132/5, Rumburk;11629944;[];;;;;;7;2021-05-17T13:09:53Z;2026-09-02T05:24:30Z;False;U nemocnice 1132/5, Rumburk;;;;;;;;;;;226;;;72744430;;24;3641;kontakt@zsunemocnice.cz;;;;;;255;"{""value"": ""Czechia"", ""subpremise"": """", ""street_number"": """", ""route"": """", ""sublocality"": """", ""locality"": """", ""admin_area_level_1"": """", ""admin_area_level_2"": """", ""country"": ""Czechia"", ""postal_code"": """", ""formatted_address"": ""Czechia""}";;;12795779;http://www.zsunemocnice.cz;;208;18026796;412332730;315;;;;;iveta@vividbooks.com;R396FZ;;543;;288
27419;72744430;ponechat;merge;1;3;2;Základní škola, příspěvková organizace – U nemocnice 1132/5, Rumburk;12795779;[];;;;;;7;2024-05-02T20:02:11Z;2026-09-02T05:24:04Z;False;U nemocnice 1132/5, Rumburk;;5;U Nemocnice;;;Ústecký kraj;Okres Děčín;408 01;Czechia;U Nemocnice 1132/5, 408 01 Rumburk-Rumburk 1, Czechia;226;;;72744430;;24;;kontakt@zsunemocnice.cz;;;;;371;255;"{""value"": ""Czech republic"", ""subpremise"": null, ""street_number"": null, ""route"": null, ""sublocality"": null, ""locality"": null, ""admin_area_level_1"": null, ""admin_area_level_2"": null, ""country"": ""Czechia"", ""postal_code"": null, ""formatted_address"": ""Czechia""}";;;12795779;;;208;12795779;412332730;315;;;;;iveta@vividbooks.com;R396FZ;;543;;288
2449;72745096;ponechat;merge;1;2;3;Masarykova ZŠ a MŠ – č.p. 126, Žalhostice;11629944;[];;;;;;7;2021-05-17T12:59:56Z;2026-09-05T10:29:19Z;False;č.p. 126, Žalhostice;;;;;;Ústecký kraj;;;;;226;;;72745096;;24;1950;reditelka@skolazalhostice.cz;;;;;;67;"{""value"": ""Czech republic"", ""subpremise"": null, ""street_number"": null, ""route"": null, ""sublocality"": null, ""locality"": null, ""admin_area_level_1"": null, ""admin_area_level_2"": null, ""country"": ""Czechia"", ""postal_code"": null, ""formatted_address"": ""Czechia""}";;;12795779;www.skolazalhostice.cz;;208;12795779;416737095;315;;;;;;RLSK5C;;136;;69
37670;72745096;sloucit;merge;0;0;2;Masarykova základní škola a mateřská škola Žalhostice, okres Litoměřice, příspěvková organizace;12795779;[];;;;;;7;2025-01-12T17:40:01Z;2026-09-05T10:29:37Z;False;Ústecký kraj;;;;;;Ústí nad Labem Region;;;Czechia;Ústí nad Labem Region, Czechia;226;;;72745096;;24;;;;;;;;;"{""value"": ""Czech republic"", ""subpremise"": null, ""street_number"": null, ""route"": null, ""sublocality"": null, ""locality"": null, ""admin_area_level_1"": null, ""admin_area_level_2"": null, ""country"": ""Czechia"", ""postal_code"": null, ""formatted_address"": ""Czechia""}";;;12795779;;;208;12795779;;315;;;;;iveta@vividbooks.com;RLSK5C;;;;
34729;72745134;sloucit;easy;0;0;0;Základní škola a mateřská škola – Benešova 236, Čížkovice;11629944;[];;;;;;7;2024-10-23T09:23:28Z;2024-11-15T01:02:31Z;False;Benešova 236, Čížkovice;;;;;;Ústecký kraj;;;;;226;;;72745134;;24;;tylova@zs-cizkovice.cz;;;;;;45;"{""value"": ""Czechia"", ""subpremise"": """", ""street_number"": """", ""route"": """", ""sublocality"": """", ""locality"": """", ""admin_area_level_1"": """", ""admin_area_level_2"": """", ""country"": ""Czechia"", ""postal_code"": """", ""formatted_address"": ""Czechia""}";;;;;;;;416725711;;;;;;;;;45;;0
37614;72745134;ponechat;easy;0;1;2;Základní škola a mateřská škola Čížkovice;12795779;[];;;;;;7;2025-01-09T08:21:48Z;2026-08-27T18:05:12Z;False;Ústecký kraj;;;;;;Ústí nad Labem Region;;;Czechia;Ústí nad Labem Region, Czechia;225;;;72745134;;24;;;;;;;;;"{""value"": ""Czech republic"", ""subpremise"": null, ""street_number"": null, ""route"": null, ""sublocality"": null, ""locality"": null, ""admin_area_level_1"": null, ""admin_area_level_2"": null, ""country"": ""Czechia"", ""postal_code"": null, ""formatted_address"": ""Czechia""}";;;12795779;https://www.zs-cizkovice.cz/kontakty/;;208;12795779;;315;;;;;iveta@vividbooks.com;BKCY3B;;;;
7874;75003759;ponechat;easy;0;4;4;Základní škola a mateřská škola – Šafránka 54, Rozdrojovice;11629944;[5];;;;;;7;2022-04-26T19:41:28Z;2026-09-07T07:41:39Z;False;Šafránka 54, Rozdrojovice, 66434;;54;Šafránka;;Rozdrojovice;Jihomoravský kraj;Okres Brno-venkov;664 34;Czechia;Šafránka 54, 664 34 Rozdrojovice-Kuřim, Czechia;226;[205];;75003759;[288];24;30801;zakladniskola@zsmsrozdrojovice.cz;;;;;;80;"{""value"": ""Czech republic"", ""subpremise"": null, ""street_number"": null, ""route"": null, ""sublocality"": null, ""locality"": null, ""admin_area_level_1"": null, ""admin_area_level_2"": null, ""country"": ""Czechia"", ""postal_code"": null, ""formatted_address"": ""Czechia""}";;;14063023;https://www.zsmsrozdrojovice.cz/;;208;14063023;606040667;315;;;;;eva.b@vividbooks.com;EMY6C7;;80;;0
39418;75003759;sloucit;easy;0;0;0;Základní škola a mateřská škola Rozdrojovice, okr. Brno - venkov, příspěvková organizace;14063023;[];;;;;;7;2025-09-09T09:37:24Z;2025-09-10T00:00:18Z;False;Jihomoravský kraj;;;;;;South Moravian Region;;;Czechia;South Moravian Region, Czechia;225;;; 75003759;;;;;;;;;;;"{""value"": ""Czech republic"", ""subpremise"": null, ""street_number"": null, ""route"": null, ""sublocality"": null, ""locality"": null, ""admin_area_level_1"": null, ""admin_area_level_2"": null, ""country"": ""Czechia"", ""postal_code"": null, ""formatted_address"": ""Czechia""}";;;;;;208;;;;;;;;;TWVBJY;;;;
25998;75016176;sloucit;merge;0;1;1;Základní škola Trstěnice;11629944;[];;;;;;7;2023-10-13T08:29:49Z;2026-06-23T10:45:32Z;False;Pardubický kraj;;;;;;Pardubice Region;;;Czechia;Pardubice Region, Czechia;226;;;750 16 176;;24;15767;reditel@zstrstenice.cz;;;;;;;"{""value"": ""Czechia"", ""subpremise"": """", ""street_number"": """", ""route"": """", ""sublocality"": """", ""locality"": """", ""admin_area_level_1"": """", ""admin_area_level_2"": """", ""country"": ""Czechia"", ""postal_code"": """", ""formatted_address"": ""Czechia""}";;750 16 176;18026796;https://www.zstrstenice.cz/;;208;18026796;605 073 621;315;;;;;;Q43ND2;;99;;
35491;75016176;ponechat;merge;0;1;3;Základní škola a mateřská škola – č.p. 12, Trstěnice;11629944;[412];;;;;;7;2024-10-23T09:30:32Z;2026-02-27T08:50:46Z;False;č.p. 12, Trstěnice;;;;;;Pardubický kraj;;;;;226;;;75016176;;24;;reditel@zstrstenice.cz;;;;;;73;"{""value"": ""Czech republic"", ""subpremise"": null, ""street_number"": null, ""route"": null, ""sublocality"": null, ""locality"": null, ""admin_area_level_1"": null, ""admin_area_level_2"": null, ""country"": ""Czechia"", ""postal_code"": null, ""formatted_address"": ""Czechia""}";;;;;;208;;461634908;;;;;;;W6YJ5E;;107;;34
2777;75016346;ponechat;easy;0;4;5;Základní škola – Komenského nám. 150, Skuteč;11629944;[];;;;;;7;2021-05-17T13:01:47Z;2026-09-03T15:59:30Z;False;Komenského nám. 150, Skuteč;;;;;;Pardubický kraj;;;;;226;;;75016346;;24;2277;skola.skutec@seznam.cz;;;;;;121;"{""value"": ""Czech republic"", ""subpremise"": null, ""street_number"": null, ""route"": null, ""sublocality"": null, ""locality"": null, ""admin_area_level_1"": null, ""admin_area_level_2"": null, ""country"": ""Czechia"", ""postal_code"": null, ""formatted_address"": ""Czechia""}";;;18026774;http://www.zskomenskeho-skutec.cz/;;208;18026774;469350210;315;;;;;;S8SKQX;;202;;81
39707;75016346;sloucit;easy;0;0;0;Základní škola, Skuteč, Komenského 150, okres Chrudim;18026774;[];;;;;;7;2026-02-24T17:29:23Z;2026-02-25T01:00:20Z;False;Pardubický kraj;;;;;;Pardubice Region;;;Czechia;Pardubice Region, Czechia;225;;;75016346;;;;;;;;;;;"{""value"": ""Czech Republic"", ""subpremise"": """", ""street_number"": """", ""route"": """", ""sublocality"": """", ""locality"": """", ""admin_area_level_1"": """", ""admin_area_level_2"": """", ""country"": ""Czechia"", ""postal_code"": """", ""formatted_address"": ""Czechia""}";;;;;;;;;;;;;;;;;;;
3223;75018691;ponechat;merge;0;6;3;Základní škola – Pulická 378, Dobruška;11629944;[];;;;;;7;2021-05-17T13:04:19Z;2026-06-19T10:19:44Z;False;Pulická 378, Dobruška;;;;;;;;;;;226;;;75018691;;24;2723;zsred@dobruska.cz;;;;;371;119;"{""value"": ""Czech republic"", ""subpremise"": null, ""street_number"": null, ""route"": null, ""sublocality"": null, ""locality"": null, ""admin_area_level_1"": null, ""admin_area_level_2"": null, ""country"": ""Czechia"", ""postal_code"": null, ""formatted_address"": ""Czechia""}";;;12795779;http://www.zs-pulicka.dobruska.cz;;208;12795779;494623980;315;;;386;;iveta@vividbooks.com;L6LUE2;;280;;161
28366;75018691;sloucit;merge;0;0;3;Základní škola – Pulická 378, Dobruška;12795779;[];;;;;;7;2024-09-23T09:22:48Z;2026-06-23T10:55:43Z;False;Pulická 378, Dobruška;;;Pulická;;;Královéhradecký kraj;Rychnov nad Kněžnou;518 01;Czechia;Pulická 378, 518 01 Dobruška, Czechia;226;;;75018691;;24;;zsred@dobruska.cz;;;;;;119;"{""value"": ""Czechia"", ""subpremise"": """", ""street_number"": """", ""route"": """", ""sublocality"": """", ""locality"": """", ""admin_area_level_1"": """", ""admin_area_level_2"": """", ""country"": ""Czechia"", ""postal_code"": """", ""formatted_address"": ""Czechia""}";;;12795779;;;208;12795779;494623980;315;;;;;;2H5NVS;;280;;161
34362;75020068;ponechat;easy;0;1;1;Základní škola a Mateřská škola – č.p. 104, Drnovice;11629944;[];;;;;;7;2024-10-23T09:20:40Z;2026-02-18T07:55:12Z;False;č.p. 104, Drnovice;;;;;;Zlínský kraj;;;;;226;;;75020068;;24;;zsmsdrnovice@seznam.cz;;;;;;27;"{""value"": ""Czechia"", ""subpremise"": """", ""street_number"": """", ""route"": """", ""sublocality"": """", ""locality"": """", ""admin_area_level_1"": """", ""admin_area_level_2"": """", ""country"": ""Czechia"", ""postal_code"": """", ""formatted_address"": ""Czechia""}";;;;;;;;577350898;;;;;;eva.b@vividbooks.com;;;27;;0
39634;75020068;sloucit;easy;0;0;0;ZÁKLADNÍ ŠKOLA A MATEŘSKÁ ŠKOLA DRNOVICE, okres Zlín, příspěvková  organizace;14063023;[];;;;;;7;2026-02-03T20:49:04Z;2026-02-18T07:53:08Z;False;Zlínský kraj;;;;;;Zlín Region;;;Czechia;Zlín Region, Czechia;225;;;75020068	;;;;;;;;;;;"{""value"": ""Czech republic"", ""subpremise"": null, ""street_number"": null, ""route"": null, ""sublocality"": null, ""locality"": null, ""admin_area_level_1"": null, ""admin_area_level_2"": null, ""country"": ""Czechia"", ""postal_code"": null, ""formatted_address"": ""Czechia""}";;;;;;208;;;;;;;;;7ZVM9Q;;;;
34777;75023776;sloucit;easy;0;0;0;Základní škola a Mateřská škola – č.p. 130, Jakubov u Moravských Budějovic;11629944;[];;;;;;7;2024-10-23T09:23:50Z;2024-11-15T01:02:43Z;False;č.p. 130, Jakubov u Moravských Budějovic;;;;;;Kraj Vysočina;;;;;226;;;75023776;;24;;skola@jakubov.cz;;;;;;47;"{""value"": ""Czechia"", ""subpremise"": """", ""street_number"": """", ""route"": """", ""sublocality"": """", ""locality"": """", ""admin_area_level_1"": """", ""admin_area_level_2"": """", ""country"": ""Czechia"", ""postal_code"": """", ""formatted_address"": ""Czechia""}";;;;;;;;736629862;;;;;;;;;47;;0
39077;75023776;ponechat;easy;0;1;1;ZŠ a MŠ Jakubov, příspěvková organizace;12116814;[];;;;;;7;2025-04-01T09:32:46Z;2026-05-28T09:53:10Z;False;Jakubov u Mor. Budějovic 130 675 44 pošta Lesonice;;;;;Jakubov u Moravských Budějovic;Vysočina Region;Třebíč District;675 44;Czechia;675 44 Jakubov u Moravských Budějovic-Lesonice, Czechia;225;;;75023776;;24;;;;;;;;;"{""value"": ""Czech republic"", ""subpremise"": null, ""street_number"": null, ""route"": null, ""sublocality"": null, ""locality"": null, ""admin_area_level_1"": null, ""admin_area_level_2"": null, ""country"": ""Czechia"", ""postal_code"": null, ""formatted_address"": ""Czechia""}";;;12116814;https://www.jakubov.cz/;;208;12116814;;315;;;;;jiri@vividbooks.com;5FFWJ6;;;;
2699;75029448;ponechat;easy;0;4;3;Základní škola – Hrdinů 249, Vidnava;11629944;[];;;;;;7;2021-05-17T13:01:17Z;2026-09-05T10:42:27Z;False;Hrdinů 249, Vidnava;;;;;;Olomoucký kraj;;;;;226;;;75029448;;24;2198;reditel@zsvidnava.cz;;;;;371;74;"{""value"": ""Czech republic"", ""subpremise"": null, ""street_number"": null, ""route"": null, ""sublocality"": null, ""locality"": null, ""admin_area_level_1"": null, ""admin_area_level_2"": null, ""country"": ""Czechia"", ""postal_code"": null, ""formatted_address"": ""Czechia""}";;;14063023;https://www.zsvidnava.cz/;;208;14063023;584435198;315;;;386;;eva.b@vividbooks.com;7XNK5E;;155;;81
39205;75029448;sloucit;easy;0;0;0;Základní škola Vidnava, okres Jeseník - příspěvková organizace;14063023;[];;;;;;7;2025-04-25T13:54:26Z;2025-05-08T17:17:27Z;False;Olomoucký kraj;;;;;;Olomouc Region;;;Czechia;Olomouc Region, Czechia;225;;;75029448	;;;;;;;;;;;"{""value"": ""Czech republic"", ""subpremise"": null, ""street_number"": null, ""route"": null, ""sublocality"": null, ""locality"": null, ""admin_area_level_1"": null, ""admin_area_level_2"": null, ""country"": ""Czechia"", ""postal_code"": null, ""formatted_address"": ""Czechia""}";;;14063023;;;208;14063023;;315;;;;;;6LT7V9;;;;
3185;75029901;ponechat;easy;0;6;11;Základní škola a mateřská škola – č.p. 750, Mosty u Jablunkova;11629944;[5];;;;;;7;2021-05-17T13:04:08Z;2026-09-03T14:58:12Z;False;č.p. 750, Mosty u Jablunkova, 73998;;;;;Mosty u Jablunkova;Moravskoslezský kraj;Frýdek-Místek;739 98;Czechia;Mosty u Jablunkova 750, 739 98 Mosty u Jablunkova, Czechia;226;[205];;75029901;;24;2686;skola@zsmostyujablunkova.cz;;;;;;199;"{""value"": ""Czech republic"", ""subpremise"": null, ""street_number"": null, ""route"": null, ""sublocality"": null, ""locality"": null, ""admin_area_level_1"": null, ""admin_area_level_2"": null, ""country"": ""Czechia"", ""postal_code"": null, ""formatted_address"": ""Czechia""}";;;14063023;http://www.zsmostyujablunkova.cz;;208;14063023;558367614;315;;;;;eva.b@vividbooks.com;HEVXPU;;320;;121
39648;75029901;sloucit;easy;0;0;0;Základní škola a mateřská škola Mosty u Jablunkova 750,  příspěvková organizace;14063023;[];;;;;;7;2026-02-06T14:55:49Z;2026-08-24T16:16:45Z;False;Moravskoslezský kraj;;;;;;Moravian-Silesian Region;;;Czechia;Moravian-Silesian Region, Czechia;225;;; 75029901;;;;;;;;;;;"{""value"": ""Czech republic"", ""subpremise"": null, ""street_number"": null, ""route"": null, ""sublocality"": null, ""locality"": null, ""admin_area_level_1"": null, ""admin_area_level_2"": null, ""country"": ""Czechia"", ""postal_code"": null, ""formatted_address"": ""Czechia""}";;;;;;208;;;;;;;;;HEVXPU;;;;
2796;75033119;ponechat;merge;2;6;5;Základní škola a Mateřská škola – VI. ulice 165, Vinařice;11629944;[5];;;;;;7;2021-05-17T13:01:52Z;2026-08-31T07:14:17Z;False;VI. ulice 165, Vinařice;;;;;;Středočeský kraj;;;;;226;[205];;75033119;[289];24;2296;skolavinarice@volny.cz;;;;;371;124;"{""value"": ""Czech republic"", ""subpremise"": null, ""street_number"": null, ""route"": null, ""sublocality"": null, ""locality"": null, ""admin_area_level_1"": null, ""admin_area_level_2"": null, ""country"": ""Czechia"", ""postal_code"": null, ""formatted_address"": ""Czechia""}";;;12795779;http://www.skolavinarice.cz;;208;;312274546;;;[269];386;;iveta@vividbooks.com;ZH9DTS;;217;;93
24672;75033119;sloucit;merge;0;1;1;ZŠ a MŠ Vinařice, okres Kladno;11629944;[];;;;;;7;2023-04-26T05:59:01Z;2025-12-08T08:49:51Z;False;Středočeský kraj;;;;;;Central Bohemian Region;;;Czechia;Central Bohemian Region, Czechia;226;;;750 33 119;;24;;;;;;;;;"{""value"": ""Czechia"", ""subpremise"": """", ""street_number"": """", ""route"": """", ""sublocality"": """", ""locality"": """", ""admin_area_level_1"": """", ""admin_area_level_2"": """", ""country"": ""Czechia"", ""postal_code"": """", ""formatted_address"": ""Czechia""}";;;18026796;;;208;18026796;;315;;;;;;;;;180;
27072;Doplň IČO;ponechat;easy;0;0;0;Doplň správnou organizaci podle IČO;11629944;[];;;;;;7;2024-03-24T14:04:43Z;2024-11-14T01:03:01Z;False;;;;;;;;;;;;226;;;Doplň IČO;;;;;;;;;;;"{""value"": ""Czechia"", ""subpremise"": """", ""street_number"": """", ""route"": """", ""sublocality"": """", ""locality"": """", ""admin_area_level_1"": """", ""admin_area_level_2"": """", ""country"": ""Czechia"", ""postal_code"": """", ""formatted_address"": ""Czechia""}";;;;;;208;;;;;;;;;2JKK6T;;;;
32131;Doplň IČO;sloucit;easy;0;0;0;Doplň správnou organizaci podle IČO;11629944;[];;;;;;7;2024-10-15T08:29:09Z;2024-11-14T01:03:21Z;False;;;;;;;;;;;;226;;;Doplň IČO;;;;;;;;;;;"{""value"": ""Czechia"", ""subpremise"": """", ""street_number"": """", ""route"": """", ""sublocality"": """", ""locality"": """", ""admin_area_level_1"": """", ""admin_area_level_2"": """", ""country"": ""Czechia"", ""postal_code"": """", ""formatted_address"": ""Czechia""}";;;;;;208;;;;;;;;;B528EL;;;;
36775;Doplň IČO;sloucit;easy;0;0;0;Doplň správnou organizaci podle IČO;11629944;[];;;;;;7;2024-11-07T17:13:09Z;2024-11-16T01:02:20Z;False;;;;;;;;;;;;226;;;Doplň IČO;;;;;;;;;;;"{""value"": ""Czechia"", ""subpremise"": """", ""street_number"": """", ""route"": """", ""sublocality"": """", ""locality"": """", ""admin_area_level_1"": """", ""admin_area_level_2"": """", ""country"": ""Czechia"", ""postal_code"": """", ""formatted_address"": ""Czechia""}";;;;;;208;;;;;;;;;9ESBGQ;;;;
36425;Jana Krocova;ponechat;merge;0;1;1;Mediready;14063023;[];;;;;;7;2024-10-31T12:07:29Z;2025-11-24T12:40:14Z;False;Olomoucký kraj;;;;;;Olomouc Region;;;Czechia;Olomouc Region, Czechia;226;;;Jana Krocova;;227;;;;;;;;;"{""value"": ""Czechia"", ""subpremise"": """", ""street_number"": """", ""route"": """", ""sublocality"": """", ""locality"": """", ""admin_area_level_1"": """", ""admin_area_level_2"": """", ""country"": ""Czechia"", ""postal_code"": """", ""formatted_address"": ""Czechia""}";;;14063023;;;208;14063023;;315;;;;;eva.b@vividbooks.com;Z2HGC5;;;;
36515;Jana Krocova;sloucit;merge;0;1;0;Jana Kročová (doučování);11629944;[];;;;;;7;2024-11-02T13:35:24Z;2024-11-16T01:02:18Z;False;;;;;;;;;;;;226;;;Jana Krocova;;227;;;;;;;;;"{""value"": ""Czechia"", ""subpremise"": """", ""street_number"": """", ""route"": """", ""sublocality"": """", ""locality"": """", ""admin_area_level_1"": """", ""admin_area_level_2"": """", ""country"": ""Czechia"", ""postal_code"": """", ""formatted_address"": ""Czechia""}";;;;;;208;;;;;;;;;;;;180;
